-17.319454193115234	-5.515326023101807	1.6604808568954468	-2.8838303089141846	-10.13359546661377	7.198200225830078	-4.031878471374512	-10.348320007324219	-13.852014541625977	3.438840627670288
3.4942681789398193	-12.307605743408203	-3.0332558155059814	-0.8200900554656982	-2.9321367740631104	-7.2368597984313965	4.498287200927734	-13.952138900756836	10.122614860534668	-2.785637855529785
1.184779405593872	-6.29256534576416	-3.318836212158203	-0.858728289604187	7.013474464416504	-5.405584335327148	3.6800506114959717	-10.395360946655273	-3.879990577697754	1.0997077226638794
-18.086454391479492	1.7131516933441162	-4.173571586608887	-2.9068384170532227	-13.93613338470459	0.8037806153297424	-8.48593807220459	-4.931229591369629	-16.274871826171875	5.8542938232421875
-3.9608476161956787	-2.559490442276001	-5.688697814941406	5.78127908706665	-2.4495625495910645	-7.843984603881836	-3.16666579246521	-1.261752724647522	-5.052011966705322	-1.8458291292190552
-9.968124389648438	-6.505420684814453	5.48692512512207	-1.2461086511611938	-9.81442928314209	-0.3735033869743347	0.13449576497077942	-13.256747245788574	-6.494301795959473	-1.0208466053009033
-17.54669761657715	-4.411302089691162	0.7244998812675476	-2.9898903369903564	-10.646746635437012	6.543752670288086	-4.929460048675537	-9.495881080627441	-14.347657203674316	4.176011562347412
-10.56411361694336	3.6933557987213135	-10.792142868041992	2.6238842010498047	-12.214016914367676	-9.183988571166992	-9.97606372833252	8.758195877075195	-8.323442459106445	-2.5426151752471924
-17.21219253540039	-5.765131950378418	1.8940720558166504	-2.8290154933929443	-10.071769714355469	7.194076061248779	-3.7797441482543945	-10.587198257446289	-13.680944442749023	3.213115930557251
-14.298269271850586	6.4304399490356445	-7.472914695739746	-1.4513951539993286	-13.144923210144043	-5.75992488861084	-9.4494047164917	1.8828251361846924	-14.031758308410645	1.858993411064148
-18.196067810058594	-0.5750566720962524	-2.3914942741394043	-3.1270365715026855	-12.846203804016113	3.3492274284362793	-7.413108825683594	-6.762127876281738	-15.907796859741211	5.8067498207092285
-4.118347644805908	-2.4709174633026123	-5.8406829833984375	5.906129360198975	-2.7616353034973145	-7.964834213256836	-3.3504631519317627	-0.9885982871055603	-4.977077484130859	-1.9493385553359985
-4.838644504547119	-11.676311492919922	0.8001387715339661	-2.791440963745117	-7.066233158111572	-3.1881566047668457	6.08552360534668	-17.68634033203125	0.16568440198898315	-2.8243815898895264
-14.391122817993164	6.462663650512695	-7.374663829803467	-1.5556576251983643	-13.15482234954834	-5.628796577453613	-9.426661491394043	1.6723451614379883	-14.160075187683105	1.9985337257385254
3.4011707305908203	-12.350042343139648	-2.9898247718811035	-0.840070366859436	-2.994189500808716	-7.222490310668945	4.547936916351318	-14.041651725769043	10.066851615905762	-2.807386636734009
-4.081890106201172	-2.4896016120910645	-5.805188179016113	5.881722927093506	-2.6978564262390137	-7.940935134887695	-3.3133864402770996	-1.043715238571167	-4.989653587341309	-1.9297105073928833
-14.097099304199219	6.353285789489746	-7.651481628417969	-1.2510799169540405	-13.097301483154297	-5.983445644378662	-9.484622955322266	2.2920010089874268	-13.758837699890137	1.6017729043960571
2.130875825881958	-6.658852577209473	-3.8421499729156494	-0.9241201877593994	7.114656448364258	-5.697281360626221	3.2472620010375977	-10.661856651306152	-3.1202776432037354	1.5034531354904175
-4.83154821395874	-1.9516949653625488	-6.490774631500244	6.203695774078369	-4.086300373077393	-8.349774360656738	-4.094100475311279	0.3418768346309662	-4.770657062530518	-2.378232717514038
-14.226767539978027	6.399749279022217	-7.545509338378906	-1.371667504310608	-13.134703636169434	-5.8517961502075195	-9.46544361114502	2.039713144302368	-13.930216789245605	1.7561408281326294
-9.377645492553711	2.4709696769714355	-10.12746810913086	3.821780204772949	-10.821895599365234	-9.277957916259766	-8.870177268981934	7.9540910720825195	-6.822967529296875	-3.0076377391815186
-10.181029319763184	3.3013484477996826	-10.705094337463379	3.022930383682251	-11.873197555541992	-9.242711067199707	-9.73688793182373	8.827632904052734	-7.719232559204102	-2.8046209812164307
3.0483789443969727	-12.470003128051758	-2.8404765129089355	-0.9418765306472778	-3.2269129753112793	-7.1361236572265625	4.722329139709473	-14.356216430664062	9.761558532714844	-2.8821706771850586
1.927511215209961	-12.512687683105469	-2.391716718673706	-1.2250839471817017	-3.8557851314544678	-6.683657646179199	5.091156959533691	-15.096787452697754	8.515142440795898	-2.938140630722046
3.44201922416687	-12.334732055664062	-3.0063509941101074	-0.8291851282119751	-2.9656429290771484	-7.230076789855957	4.527319431304932	-14.00320816040039	10.097563743591309	-2.799245834350586
-3.9349753856658936	-2.5744566917419434	-5.666896820068359	5.760859966278076	-2.400437831878662	-7.823367595672607	-3.139286756515503	-1.3062958717346191	-5.061565399169922	-1.826778531074524
-17.566593170166016	-4.17897367477417	0.5353031754493713	-3.0036537647247314	-10.754647254943848	6.370293140411377	-5.092728614807129	-9.325815200805664	-14.421636581420898	4.310211658477783
-17.426300048828125	-4.950686931610107	1.2026067972183228	-2.949725866317749	-10.352348327636719	6.893185138702393	-4.50680685043335	-9.89439582824707	-14.108989715576172	3.826087713241577
-17.323322296142578	-5.477506160736084	1.6331253051757812	-2.888690710067749	-10.144125938415527	7.183333396911621	-4.063323020935059	-10.317176818847656	-13.868295669555664	3.4653213024139404
-4.03322172164917	-2.516984462738037	-5.753225326538086	5.843281269073486	-2.598510503768921	-7.904684066772461	-3.2524356842041016	-1.1297980546951294	-5.014468669891357	-1.8999110460281372
1.3128827810287476	-6.371407508850098	-3.424391984939575	-0.8585371971130371	7.074686050415039	-5.475121974945068	3.639132499694824	-10.495193481445312	-3.7858219146728516	1.1746643781661987
1.2003235816955566	-6.304631233215332	-3.3342435359954834	-0.8573859930038452	7.0253682136535645	-5.417347431182861	3.676809787750244	-10.413715362548828	-3.8698861598968506	1.1108452081680298
-18.285686492919922	0.9778455495834351	-3.659151077270508	-3.003328561782837	-13.802104949951172	1.5805597305297852	-8.23649787902832	-5.629676342010498	-16.30290412902832	5.963291168212891
-4.994877815246582	-11.683048248291016	0.859271764755249	-2.832383155822754	-7.140472412109375	-3.0834436416625977	6.078533172607422	-17.776676177978516	-0.032308757305145264	-2.8082404136657715
1.83424711227417	-6.643134117126465	-3.7783021926879883	-0.8618807792663574	7.243748664855957	-5.713726997375488	3.4409847259521484	-10.800333023071289	-3.3912556171417236	1.4408538341522217
-10.155115127563477	-7.132014274597168	5.871824264526367	-1.3583530187606812	-9.793807983398438	0.10283533483743668	0.45288988947868347	-13.992927551269531	-6.434004783630371	-1.0799156427383423
-17.331958770751953	-5.490747451782227	1.6370210647583008	-2.888589382171631	-10.141621589660645	7.195291519165039	-4.057229042053223	-10.325285911560059	-13.870189666748047	3.4615094661712646
-17.375158309936523	-5.3258209228515625	1.5054662227630615	-2.914128303527832	-10.195857048034668	7.140416145324707	-4.209343433380127	-10.18787956237793	-13.961614608764648	3.5875399112701416
-4.445988655090332	-11.745573043823242	0.5439023375511169	-2.759214162826538	-6.9041290283203125	-3.4344396591186523	6.128961086273193	-17.590503692626953	0.6538379788398743	-2.857067346572876
-5.558491230010986	-11.48128890991211	1.3049248456954956	-2.8341004848480225	-7.405097961425781	-2.6489288806915283	5.826048851013184	-17.722318649291992	-0.7352585196495056	-2.7090866565704346
1.283469796180725	-6.34635066986084	-3.392404317855835	-0.8638293743133545	7.04786491394043	-5.449400901794434	3.644152879714966	-10.454062461853027	-3.8033199310302734	1.1505686044692993
2.939488649368286	-12.485464096069336	-2.794018268585205	-0.968569278717041	-3.2952921390533447	-7.103326320648193	4.766235828399658	-14.441655158996582	9.65589714050293	-2.8942975997924805
1.8705562353134155	-6.621528625488281	-3.7643988132476807	-0.8802592754364014	7.189160346984863	-5.685678482055664	3.40222430229187	-10.728785514831543	-3.348027467727661	1.435015320777893
-4.895497798919678	-11.719579696655273	0.7718191742897034	-2.8359391689300537	-7.097179889678955	-3.1387858390808105	6.094520568847656	-17.763500213623047	0.0883212685585022	-2.81027889251709
-17.59922981262207	-4.074432849884033	0.4415518641471863	-3.012742280960083	-10.822441101074219	6.302446365356445	-5.174298286437988	-9.254965782165527	-14.472978591918945	4.380511283874512
-17.24411964416504	3.0806939601898193	-4.909201145172119	-2.7255489826202393	-13.71324634552002	-0.632202684879303	-8.704545974731445	-3.474461793899536	-15.924415588378906	5.254119873046875
-9.984431266784668	-6.871948719024658	5.715758323669434	-1.269616723060608	-9.70291805267334	-0.10026409476995468	0.38201090693473816	-13.613677978515625	-6.322265148162842	-1.0645816326141357
-4.004358768463135	-2.53357195854187	-5.728239059448242	5.821351051330566	-2.5439538955688477	-7.882290363311768	-3.2218832969665527	-1.178684949874878	-5.025767803192139	-1.8799829483032227
-18.290874481201172	0.771255612373352	-3.4871835708618164	-3.0299017429351807	-13.705668449401855	1.8173296451568604	-8.135819435119629	-5.810939311981201	-16.273977279663086	5.969990253448486
-10.020711898803711	-6.723685264587402	5.623260498046875	-1.2694282531738281	-9.814669609069824	-0.23448503017425537	0.24660030007362366	-13.517986297607422	-6.449082374572754	-1.0386790037155151
-10.240762710571289	3.3579611778259277	-10.740379333496094	2.9732069969177246	-11.941713333129883	-9.248602867126465	-9.786733627319336	8.852173805236816	-7.806456565856934	-2.7769439220428467
-18.004112243652344	1.8892340660095215	-4.278205871582031	-2.8848438262939453	-13.929540634155273	0.6228191256523132	-8.525796890258789	-4.755558013916016	-16.24905776977539	5.804882526397705
-4.660987377166748	-11.735818862915039	0.6599293947219849	-2.793219804763794	-6.997623920440674	-3.29848575592041	6.117382526397705	-17.6768798828125	0.38687998056411743	-2.8363773822784424
-4.030299663543701	-2.51826810836792	-5.75100040435791	5.843044757843018	-2.596750259399414	-7.903631210327148	-3.2521283626556396	-1.1316828727722168	-5.012558937072754	-1.899222493171692
1.0256308317184448	-6.183646202087402	-3.181210994720459	-0.8684699535369873	6.919954299926758	-5.305984020233154	3.7241437435150146	-10.246872901916504	-3.989687204360962	1.000019907951355
-17.03903579711914	3.385814905166626	-5.083477020263672	-2.6720328330993652	-13.662383079528809	-0.9922600388526917	-8.757869720458984	-3.1170835494995117	-15.832515716552734	5.0481977462768555
-10.052600860595703	-7.14479398727417	5.8680830001831055	-1.3293477296829224	-9.694132804870605	0.10030151158571243	0.5272887945175171	-13.938627243041992	-6.301634788513184	-1.1045799255371094
-5.799499034881592	-11.453497886657715	1.4478874206542969	-2.8463103771209717	-7.489253520965576	-2.457895278930664	5.720077037811279	-17.696590423583984	-1.008340835571289	-2.663395881652832
-4.066399097442627	-2.500229597091675	-5.787257194519043	5.869663715362549	-2.6626393795013428	-7.928806304931641	-3.2912251949310303	-1.0760966539382935	-4.997723579406738	-1.9189491271972656
-13.703849792480469	6.156491279602051	-7.9928436279296875	-0.8568115234375	-12.985669136047363	-6.369815826416016	-9.547270774841309	3.0741727352142334	-13.199535369873047	1.1222436428070068
2.0876505374908447	-12.504533767700195	-2.449737548828125	-1.1787312030792236	-3.7695162296295166	-6.752634048461914	5.038823127746582	-14.986181259155273	8.699675559997559	-2.929941415786743
-9.993654251098633	-6.862297058105469	5.700285911560059	-1.267051339149475	-9.737532615661621	-0.14303937554359436	0.36309006810188293	-13.623607635498047	-6.340536594390869	-1.0561774969100952
-9.23946762084961	2.3277928829193115	-10.022497177124023	3.962019205093384	-10.640036582946777	-9.293432235717773	-8.691666603088379	7.744035720825195	-6.728089809417725	-3.0294923782348633
-4.108473777770996	-2.474677085876465	-5.831661701202393	5.899407863616943	-2.746701717376709	-7.958248138427734	-3.3420982360839844	-1.0000174045562744	-4.980035781860352	-1.9451885223388672
-4.079392910003662	-2.493103265762329	-5.801567077636719	5.879199504852295	-2.6880276203155518	-7.938970565795898	-3.306980609893799	-1.0542395114898682	-4.9928388595581055	-1.9262865781784058
1.1671818494796753	-6.282470703125	-3.305353879928589	-0.8577572107315063	7.006804943084717	-5.39737606048584	3.6860485076904297	-10.38405990600586	-3.8938992023468018	1.0907379388809204
-10.238946914672852	3.354440927505493	-10.738677024841309	2.976990222930908	-11.939809799194336	-9.249505996704102	-9.785091400146484	8.851388931274414	-7.802159309387207	-2.7791237831115723
-17.764543533325195	2.287519693374634	-4.478610992431641	-2.8424060344696045	-13.850504875183105	0.24091264605522156	-8.582913398742676	-4.351121425628662	-16.149595260620117	5.682750701904297
1.0925731658935547	-6.224546432495117	-3.2412376403808594	-0.8801167011260986	6.946748733520508	-5.338746070861816	3.7054996490478516	-10.291875839233398	-3.9194157123565674	1.0310856103897095
-14.327136039733887	6.439515590667725	-7.4458160400390625	-1.480945110321045	-13.150493621826172	-5.724064350128174	-9.44333553314209	1.8212289810180664	-14.070380210876465	1.8985010385513306
-18.29117202758789	1.0343049764633179	-3.706106185913086	-2.997271776199341	-13.836176872253418	1.5157883167266846	-8.26440715789795	-5.586626052856445	-16.31571388244629	5.961956977844238
-4.693249702453613	-11.687094688415527	0.7198396325111389	-2.7684242725372314	-7.004237174987793	-3.2782042026519775	6.091984272003174	-17.629703521728516	0.34488266706466675	-2.8344647884368896
-17.401531219482422	-5.2212982177734375	1.4212563037872314	-2.927260398864746	-10.23911190032959	7.087307453155518	-4.303203582763672	-10.10291862487793	-14.017635345458984	3.6634485721588135
8.28997802734375	-8.56192398071289	-4.989461898803711	-1.512353539466858	3.1353375911712646	-7.170639514923096	1.3868558406829834	-10.921720504760742	3.143854856491089	1.4264006614685059
-9.867780685424805	-6.415551662445068	5.3975114822387695	-1.1691828966140747	-9.793200492858887	-0.5213112235069275	0.10960444062948227	-13.07951545715332	-6.376594066619873	-1.0241516828536987
-10.265205383300781	3.3772003650665283	-10.751864433288574	2.9578466415405273	-11.970478057861328	-9.253460884094238	-9.806471824645996	8.860794067382812	-7.838852882385254	-2.768317699432373
-4.553323268890381	-2.1820120811462402	-6.254875183105469	6.145657062530518	-3.5861964225769043	-8.21220588684082	-3.8199989795684814	-0.2016763985157013	-4.807875633239746	-2.217196226119995
8.103720664978027	-8.84559154510498	-4.853928565979004	-1.4247053861618042	2.21640682220459	-7.271275997161865	1.651434302330017	-10.94180679321289	4.442447662353516	0.8413251638412476
8.094066619873047	-8.48011589050293	-5.028334140777588	-1.5490212440490723	3.578120231628418	-7.104514122009277	1.3966131210327148	-11.000840187072754	2.549252510070801	1.6217092275619507
8.301143646240234	-8.587528228759766	-4.985749244689941	-1.514151692390442	3.033778667449951	-7.191707611083984	1.4120224714279175	-10.915961265563965	3.2858171463012695	1.3691391944885254
-18.063817977905273	1.7518877983093262	-4.193795204162598	-2.9024481773376465	-13.928753852844238	0.7670612335205078	-8.492067337036133	-4.892083644866943	-16.26580047607422	5.842957973480225
-3.9434146881103516	-2.570469617843628	-5.67368221282959	5.767391681671143	-2.414579391479492	-7.83033561706543	-3.146941900253296	-1.2943094968795776	-5.059359550476074	-1.8322538137435913
-17.891822814941406	2.0700056552886963	-4.3660993576049805	-2.8665387630462646	-13.88900089263916	0.45216208696365356	-8.549765586853027	-4.572778701782227	-16.201669692993164	5.749777793884277
8.293086051940918	-8.635400772094727	-4.961361885070801	-1.4986060857772827	2.8286895751953125	-7.223282814025879	1.4603193998336792	-10.908671379089355	3.567312240600586	1.2494601011276245
-17.950374603271484	1.9544379711151123	-4.301131725311279	-2.8801591396331787	-13.897920608520508	0.5694373846054077	-8.526664733886719	-4.688666343688965	-16.222253799438477	5.783942699432373
8.280773162841797	-8.653763771057129	-4.948079586029053	-1.4880934953689575	2.756018877029419	-7.2329912185668945	1.4788269996643066	-10.911870002746582	3.667661428451538	1.2036482095718384
-6.54303503036499	-11.095606803894043	2.225050926208496	-2.667543649673462	-7.864033222198486	-1.880424976348877	5.143273830413818	-17.439552307128906	-1.889336347579956	-2.494941234588623
-6.001343250274658	-11.32004165649414	1.7005164623260498	-2.7853691577911377	-7.612947463989258	-2.307210683822632	5.556604862213135	-17.626127243041992	-1.2618162631988525	-2.61896014213562
-18.269315719604492	0.9918807744979858	-3.663212537765503	-3.001631736755371	-13.792076110839844	1.5657432079315186	-8.23491096496582	-5.6161065101623535	-16.2936954498291	5.95783805847168
-10.271039962768555	3.387899160385132	-10.757490158081055	2.946540594100952	-11.976719856262207	-9.250799179077148	-9.811954498291016	8.863554000854492	-7.851913928985596	-2.761610269546509
-9.859814643859863	-6.467228889465332	5.440310478210449	-1.176010012626648	-9.779749870300293	-0.4795401692390442	0.1503290832042694	-13.152935028076172	-6.35079288482666	-1.0358463525772095
-10.360434532165527	3.4848320484161377	-10.79577922821045	2.8576011657714844	-12.083666801452637	-9.253028869628906	-9.884355545043945	8.886037826538086	-7.995013236999512	-2.707188844680786
-10.001518249511719	-7.097940444946289	5.820895195007324	-1.301488995552063	-9.713059425354004	-0.0015758797526359558	0.5114192962646484	-13.897017478942871	-6.257757186889648	-1.1114673614501953
-14.374908447265625	6.4541778564453125	-7.397280216217041	-1.5321874618530273	-13.15793514251709	-5.659224510192871	-9.43215274810791	1.7147767543792725	-14.134588241577148	1.9681769609451294
8.14019775390625	-8.493427276611328	-5.026576995849609	-1.5498818159103394	3.5034122467041016	-7.1184563636779785	1.3936305046081543	-10.989797592163086	2.650949239730835	1.5915662050247192
-4.10163688659668	-11.78669261932373	0.3395155668258667	-2.713512659072876	-6.76033878326416	-3.6348886489868164	6.137538909912109	-17.47382926940918	1.0662226676940918	-2.8723437786102295
1.0245106220245361	-6.182531356811523	-3.179133892059326	-0.8656599521636963	6.919747352600098	-5.305468559265137	3.723384141921997	-10.246161460876465	-3.993276834487915	1.000720500946045
-5.005171775817871	-11.636906623840332	0.9104887247085571	-2.803044080734253	-7.1400532722473145	-3.074709415435791	6.0533223152160645	-17.72419548034668	-0.052851974964141846	-2.8066556453704834
2.3197832107543945	-12.515344619750977	-2.544452428817749	-1.1213587522506714	-3.647848606109619	-6.858975887298584	4.971535682678223	-14.858234405517578	8.97752857208252	-2.9235408306121826
1.5732855796813965	-6.503485679626465	-3.603994846343994	-0.8660039901733398	7.15397310256958	-5.5872087478637695	3.5371663570404053	-10.637144088745117	-3.586778402328491	1.3080675601959229
1.1357332468032837	-6.2599992752075195	-3.276398181915283	-0.8589831590652466	6.986553192138672	-5.376344203948975	3.693730354309082	-10.352202415466309	-3.9158456325531006	1.0703834295272827
8.279809951782227	-8.554985046386719	-5.00206995010376	-1.5265973806381226	3.1889700889587402	-7.166886806488037	1.3898041248321533	-10.93646240234375	3.0771613121032715	1.4515172243118286
8.289268493652344	-8.639551162719727	-4.957387924194336	-1.4952529668807983	2.808990001678467	-7.225558280944824	1.4651635885238647	-10.908798217773438	3.5928866863250732	1.2374520301818848
8.236080169677734	-8.723862648010254	-4.919584274291992	-1.4688464403152466	2.569570302963257	-7.253829002380371	1.536950945854187	-10.93021011352539	3.938474178314209	1.0818321704864502
1.395425796508789	-6.412988185882568	-3.48422908782959	-0.8611965179443359	7.0994553565979	-5.509481430053711	3.6064071655273438	-10.53917121887207	-3.7223472595214844	1.2183871269226074
3.2910478115081787	-12.40043830871582	-2.945227861404419	-0.872807502746582	-3.070685863494873	-7.203342914581299	4.607708930969238	-14.15679931640625	9.98458480834961	-2.834434747695923
3.2167108058929443	-12.423898696899414	-2.912059783935547	-0.8925894498825073	-3.1209511756896973	-7.185128211975098	4.643609046936035	-14.220539093017578	9.920389175415039	-2.8484365940093994
8.284870147705078	-8.651693344116211	-4.952719211578369	-1.4919707775115967	2.770845413208008	-7.232256889343262	1.4761908054351807	-10.913023948669434	3.6494038105010986	1.2126590013504028
-9.848708152770996	-7.882375717163086	5.830456733703613	-1.455715537071228	-9.447137832641602	0.4205471873283386	1.2929682731628418	-14.579001426696777	-5.869757652282715	-1.3785228729248047
-4.012314796447754	-2.5298542976379395	-5.7356672286987305	5.8294901847839355	-2.5608224868774414	-7.890406131744385	-3.2319960594177246	-1.1654659509658813	-5.020544528961182	-1.885396122932434
-14.280186653137207	6.420948028564453	-7.495180130004883	-1.4277292490005493	-13.144536972045898	-5.7868218421936035	-9.455225944519043	1.9274380207061768	-14.003922462463379	1.829305648803711
-5.66534948348999	-11.376652717590332	1.4812283515930176	-2.7884511947631836	-7.476007461547852	-2.5823655128479004	5.743922710418701	-17.675607681274414	-0.8627018332481384	-2.694586992263794
-10.029986381530762	3.1666040420532227	-10.60322093963623	3.1395270824432373	-11.704768180847168	-9.224058151245117	-9.608914375305176	8.752964973449707	-7.5082550048828125	-2.8655073642730713
-17.31635284423828	-5.517943382263184	1.6660616397857666	-2.883888006210327	-10.134749412536621	7.19533634185791	-4.026083469390869	-10.356393814086914	-13.849693298339844	3.434065341949463
-9.396537780761719	2.4870214462280273	-10.132025718688965	3.8094840049743652	-10.850638389587402	-9.280675888061523	-8.893653869628906	7.980074405670166	-6.830494403839111	-3.0082921981811523
-5.091054439544678	-11.626818656921387	0.9384407997131348	-2.8247878551483154	-7.18154764175415	-2.991119861602783	6.017388343811035	-17.735668182373047	-0.1767147183418274	-2.7808825969696045
1.765210747718811	-12.45993423461914	-2.314957618713379	-1.252381682395935	-3.9170284271240234	-6.5787811279296875	5.097908020019531	-15.099806785583496	8.293659210205078	-2.923593044281006
-17.136722564697266	-5.757336616516113	1.9895098209381104	-2.826831102371216	-10.148163795471191	7.111164569854736	-3.7369489669799805	-10.702757835388184	-13.634359359741211	3.14681077003479
-5.362943172454834	-11.563948631286621	1.131798505783081	-2.846449136734009	-7.312084197998047	-2.8038597106933594	5.9335036277771	-17.766143798828125	-0.4953905940055847	-2.742798328399658
-4.001413822174072	-2.535374164581299	-5.725846290588379	5.819155693054199	-2.538630485534668	-7.880715370178223	-3.2190237045288086	-1.1839830875396729	-5.026886940002441	-1.8776371479034424
-17.48263931274414	-4.731003761291504	1.0018365383148193	-2.967439889907837	-10.473288536071777	6.760037422180176	-4.684914588928223	-9.728193283081055	-14.214037895202637	3.974339723587036
-14.594671249389648	6.485116958618164	-7.167506694793701	-1.758838415145874	-13.183302879333496	-5.312715530395508	-9.375458717346191	1.215598225593567	-14.411901473999023	2.312396287918091
-4.229097843170166	-11.786075592041016	0.40915781259536743	-2.736145257949829	-6.815273284912109	-3.5661139488220215	6.142380714416504	-17.53363037109375	0.9218130707740784	-2.8696939945220947
2.983157157897949	-12.47433090209961	-2.808279037475586	-0.9552863836288452	-3.2693357467651367	-7.1161651611328125	4.747799873352051	-14.39968204498291	9.696733474731445	-2.8883743286132812
-9.949557304382324	-6.598515510559082	5.548064231872559	-1.2245367765426636	-9.77718734741211	-0.3290358781814575	0.20944306254386902	-13.331293106079102	-6.400568962097168	-1.01937735080719
-10.126899719238281	3.2514808177948	-10.670366287231445	3.0666263103485107	-11.812300682067871	-9.236684799194336	-9.691365242004395	8.802566528320312	-7.64189338684082	-2.827958106994629
8.266295433044434	-8.542840957641602	-5.001614570617676	-1.5265196561813354	3.2255454063415527	-7.159670352935791	1.385923147201538	-10.93896198272705	3.0235772132873535	1.4700003862380981
-10.037517547607422	3.1759188175201416	-10.613186836242676	3.1307199001312256	-11.712236404418945	-9.223162651062012	-9.616286277770996	8.75908088684082	-7.520843505859375	-2.8606390953063965
-4.82643461227417	-11.736459732055664	0.728772759437561	-2.831583261489868	-7.070868492126465	-3.188990592956543	6.109844207763672	-17.75748062133789	0.17976969480514526	-2.8200571537017822
-14.394851684570312	6.460091590881348	-7.374268531799316	-1.5554065704345703	-13.159812927246094	-5.630133152008057	-9.425944328308105	1.6669729948043823	-14.162160873413086	1.998941421508789
2.2154581546783447	-12.506196975708008	-2.4954285621643066	-1.1444697380065918	-3.7071986198425293	-6.813677787780762	5.003291130065918	-14.912775039672852	8.851608276367188	-2.9243762493133545
-4.852088451385498	-11.7294921875	0.7491194605827332	-2.830875873565674	-7.079617500305176	-3.1725711822509766	6.104823112487793	-17.757556915283203	0.14775234460830688	-2.818204164505005
-9.223539352416992	2.312262773513794	-10.016518592834473	3.9765021800994873	-10.616082191467285	-9.29391860961914	-8.671298027038574	7.720052242279053	-6.71987247467041	-3.0307247638702393
-4.106428146362305	-2.477273464202881	-5.829435348510742	5.897848129272461	-2.740039348602295	-7.95723819732666	-3.3380064964294434	-1.0075043439865112	-4.982020378112793	-1.9424054622650146
-4.091198444366455	-2.4848217964172363	-5.814285755157471	5.887343883514404	-2.713310718536377	-7.946658134460449	-3.3223679065704346	-1.0298739671707153	-4.9875688552856445	-1.9347931146621704
2.6256959438323975	-12.502094268798828	-2.6648426055908203	-1.041763424873352	-3.4758548736572266	-6.980195999145508	4.868436813354492	-14.649068832397461	9.316787719726562	-2.9069364070892334
1.1733248233795166	-6.2858781814575195	-3.309809446334839	-0.8582930564880371	7.008787155151367	-5.399940490722656	3.683838367462158	-10.387507438659668	-3.8889057636260986	1.0936020612716675
-10.006484985351562	-6.793332099914551	5.667231559753418	-1.2665539979934692	-9.779886245727539	-0.18664860725402832	0.3120114505290985	-13.578903198242188	-6.388401031494141	-1.0457209348678589
-10.078959465026855	3.2121901512145996	-10.641901969909668	3.099458694458008	-11.758054733276367	-9.228752136230469	-9.6514892578125	8.780669212341309	-7.577927589416504	-2.844881296157837
3.430635452270508	-12.3394775390625	-2.9968299865722656	-0.8302892446517944	-2.978473663330078	-7.233824729919434	4.536209583282471	-14.021097183227539	10.094569206237793	-2.8029301166534424
-9.617547035217285	2.7303049564361572	-10.290034294128418	3.5734951496124268	-11.157023429870605	-9.245462417602539	-9.164172172546387	8.29205322265625	-7.021953105926514	-2.97259259223938
1.2188109159469604	-6.31503438949585	-3.348212242126465	-0.8582375049591064	7.032112121582031	-5.4258012771606445	3.6702721118927	-10.425215721130371	-3.85542368888855	1.1203523874282837
-10.04939079284668	-6.960419654846191	5.760804176330566	-1.2981213331222534	-9.77077579498291	-0.06966673582792282	0.3991740047931671	-13.772733688354492	-6.3686747550964355	-1.0685862302780151
1.340146541595459	-6.3914899826049805	-3.450721502304077	-0.8555542230606079	7.094212055206299	-5.494699478149414	3.6324453353881836	-10.525677680969238	-3.768115997314453	1.1942192316055298
8.24794864654541	-8.712812423706055	-4.926244735717773	-1.473540186882019	2.603917360305786	-7.252262115478516	1.5265018939971924	-10.929288864135742	3.891777753829956	1.1040669679641724
2.144867420196533	-12.512290954589844	-2.4774248600006104	-1.1663557291030884	-3.7375681400299072	-6.777385711669922	5.021490097045898	-14.958333969116211	8.769797325134277	-2.9288642406463623
-14.484256744384766	6.483298301696777	-7.2739057540893555	-1.6575020551681519	-13.165486335754395	-5.48752498626709	-9.401827812194824	1.4546304941177368	-14.282304763793945	2.1433680057525635
-9.858845710754395	-6.431161880493164	5.412930011749268	-1.1745649576187134	-9.786438941955566	-0.5013773441314697	0.12382122129201889	-13.103668212890625	-6.368244171142578	-1.033772587776184
1.3155324459075928	-6.370009422302246	-3.4237043857574463	-0.8599303960800171	7.070715427398682	-5.472895622253418	3.6362862586975098	-10.489924430847168	-3.7823235988616943	1.1741623878479004
1.6799168586730957	-6.544025421142578	-3.660099983215332	-0.8718041181564331	7.163556098937988	-5.62083625793457	3.4871013164520264	-10.665441513061523	-3.4997189044952393	1.353326439857483
-18.257484436035156	1.1434558629989624	-3.7853078842163086	-2.9818384647369385	-13.852126121520996	1.3966081142425537	-8.303871154785156	-5.478455543518066	-16.308652877807617	5.948859214782715
8.254805564880371	-8.535810470581055	-5.009001731872559	-1.5351182222366333	3.263965129852295	-7.156184196472168	1.3888531923294067	-10.948217391967773	2.97413969039917	1.487423300743103
-14.536274909973145	6.488936424255371	-7.222691535949707	-1.7085515260696411	-13.171935081481934	-5.404979228973389	-9.388322830200195	1.3403874635696411	-14.347112655639648	2.225245237350464
-4.911970615386963	-11.712907791137695	0.7870314717292786	-2.8347933292388916	-7.103754043579102	-3.128401756286621	6.090725421905518	-17.76426887512207	0.0665481686592102	-2.81028413772583
-18.236190795898438	1.2719322443008423	-3.882197380065918	-2.965054988861084	-13.890717506408691	1.258629322052002	-8.35489559173584	-5.3598313331604	-16.312742233276367	5.936844825744629
1.2135329246520996	-6.305209636688232	-3.336961030960083	-0.8621335029602051	7.017710208892822	-5.414104461669922	3.667562961578369	-10.404373168945312	-3.8554766178131104	1.1115738153457642
-17.418909072875977	-5.101762294769287	1.328080654144287	-2.9422261714935303	-10.290867805480957	7.006329536437988	-4.396119117736816	-10.015326499938965	-14.06546688079834	3.7392592430114746
-4.1156792640686035	-2.472978353500366	-5.838570594787598	5.903931617736816	-2.755505084991455	-7.96417236328125	-3.347121238708496	-0.9948429465293884	-4.979756832122803	-1.9468895196914673
2.509916067123413	-12.495607376098633	-2.621528148651123	-1.0683878660202026	-3.5286922454833984	-6.919258117675781	4.8947038650512695	-14.70005989074707	9.17568588256836	-2.9077489376068115
-3.9640705585479736	-2.55820894241333	-5.692122459411621	5.785271167755127	-2.4571118354797363	-7.8479485511779785	-3.171370267868042	-1.2564294338226318	-5.049195766448975	-1.847843885421753
8.295876502990723	-8.632023811340332	-4.963669300079346	-1.4999457597732544	2.843285322189331	-7.222142219543457	1.4566404819488525	-10.908470153808594	3.548546075820923	1.2579952478408813
1.1036890745162964	-6.236794948577881	-3.2467992305755615	-0.8605618476867676	6.965588092803955	-5.354470252990723	3.7013118267059326	-10.319181442260742	-3.9379546642303467	1.049453854560852
-14.571159362792969	6.483733177185059	-7.195506572723389	-1.7328335046768188	-13.183633804321289	-5.358047008514404	-9.383685111999512	1.2739194631576538	-14.382108688354492	2.270110845565796
-10.310809135437012	3.428452491760254	-10.77605152130127	2.909780740737915	-12.023646354675293	-9.253121376037598	-9.844300270080566	8.875449180603027	-7.913212776184082	-2.739915609359741
-9.844155311584473	-6.442987442016602	5.419442176818848	-1.162327766418457	-9.774216651916504	-0.509855329990387	0.14053252339363098	-13.110390663146973	-6.334822654724121	-1.0335949659347534
-17.487916946411133	2.6895246505737305	-4.668649673461914	-2.800045967102051	-13.756354331970215	-0.1629154086112976	-8.620553970336914	-3.9389989376068115	-16.029117584228516	5.517583847045898
8.136792182922363	-8.814014434814453	-4.867035865783691	-1.4317153692245483	2.3001904487609863	-7.267548561096191	1.6219228506088257	-10.937875747680664	4.3192853927612305	0.9002338647842407
2.8130531311035156	-12.501445770263672	-2.746577262878418	-1.0009377002716064	-3.3674919605255127	-7.055230140686035	4.809534072875977	-14.534967422485352	9.524009704589844	-2.9014854431152344
1.229300856590271	-6.315619468688965	-3.3504483699798584	-0.8622740507125854	7.026375770568848	-5.423313617706299	3.663111686706543	-10.418180465698242	-3.8441803455352783	1.1208748817443848
-4.875803470611572	-11.72197437286377	0.7674378156661987	-2.8323442935943604	-7.0919189453125	-3.158914089202881	6.102278709411621	-17.76496124267578	0.11729449033737183	-2.8160932064056396
-18.194265365600586	1.4198434352874756	-3.9824235439300537	-2.9458131790161133	-13.91492748260498	1.107047438621521	-8.402214050292969	-5.220304012298584	-16.30402374267578	5.915026664733887
-10.346220016479492	3.4656975269317627	-10.7907075881958	2.8763749599456787	-12.066365242004395	-9.254898071289062	-9.872881889343262	8.884041786193848	-7.968844413757324	-2.719097375869751
-8.919425010681152	-8.927314758300781	4.965688228607178	-1.7736295461654663	-9.045981407165527	0.03149104863405228	2.5751278400421143	-15.524354934692383	-4.737563610076904	-1.7854167222976685
8.292612075805664	-8.631877899169922	-4.96060037612915	-1.4975117444992065	2.83500075340271	-7.221105575561523	1.4573360681533813	-10.906440734863281	3.555899143218994	1.254178762435913
3.098834276199341	-12.454090118408203	-2.8585758209228516	-0.9245140552520752	-3.1988980770111084	-7.15477180480957	4.699950218200684	-14.316766738891602	9.813094139099121	-2.8715155124664307
8.238886833190918	-8.71288013458252	-4.920811176300049	-1.4697993993759155	2.591813325881958	-7.248746395111084	1.528658151626587	-10.925155639648438	3.900930404663086	1.0974777936935425
-18.297534942626953	0.68287193775177	-3.4168941974639893	-3.041896104812622	-13.664397239685059	1.9269018173217773	-8.096696853637695	-5.8829240798950195	-16.265661239624023	5.976744174957275
-9.92313289642334	-6.630375385284424	5.5599684715271	-1.2166599035263062	-9.764093399047852	-0.3343449831008911	0.24101397395133972	-13.363554954528809	-6.3538818359375	-1.0350980758666992
-9.955534934997559	-6.50249719619751	5.476678848266602	-1.2294398546218872	-9.821949005126953	-0.40544000267982483	0.13432911038398743	-13.244962692260742	-6.4690446853637695	-1.0186277627944946
-9.903449058532715	-6.357381820678711	5.374513626098633	-1.2101937532424927	-9.81395435333252	-0.5060965418815613	0.06595411151647568	-13.059914588928223	-6.480527400970459	-1.0245680809020996
-5.208637714385986	-11.654804229736328	0.964995265007019	-2.8652546405792236	-7.223177909851074	-2.9081592559814453	6.010289192199707	-17.787654876708984	-0.30350369215011597	-2.7646121978759766
8.229838371276855	-8.517461776733398	-5.013461589813232	-1.5398584604263306	3.3309226036071777	-7.145959854125977	1.387468695640564	-10.957374572753906	2.8827149868011475	1.519230842590332
-16.29857063293457	4.5203633308410645	-5.738480091094971	-2.4548094272613525	-13.526540756225586	-2.3721885681152344	-8.96934700012207	-1.7741378545761108	-15.49545955657959	4.253845691680908
-18.220993041992188	1.3609774112701416	-3.947096109390259	-2.9538090229034424	-13.916910171508789	1.1647899150848389	-8.388233184814453	-5.2789506912231445	-16.315011978149414	5.927515506744385
-4.1315598487854	-2.464282751083374	-5.852972030639648	5.914944171905518	-2.7842864990234375	-7.9731597900390625	-3.363398313522339	-0.9690720438957214	-4.972281455993652	-1.9565922021865845
-10.134218215942383	-7.292122840881348	5.9445085525512695	-1.3671256303787231	-9.736992835998535	0.19425934553146362	0.5868917107582092	-14.143674850463867	-6.346205711364746	-1.1238726377487183
8.302029609680176	-8.598971366882324	-4.977336406707764	-1.507800817489624	2.970094680786133	-7.20226526260376	1.4246585369110107	-10.907709121704102	3.3721060752868652	1.3331319093704224
-18.002851486206055	1.8698090314865112	-4.260055065155029	-2.888767957687378	-13.91746711730957	0.6474827527999878	-8.515299797058105	-4.774299144744873	-16.244314193725586	5.809003829956055
-10.189974784851074	-7.09285831451416	5.858389854431152	-1.3709594011306763	-9.820221900939941	0.09989369660615921	0.40609171986579895	-13.966612815856934	-6.501008987426758	-1.069177508354187
-4.899601936340332	-11.7188720703125	0.785342812538147	-2.8328449726104736	-7.099662780761719	-3.146810531616211	6.1009016036987305	-17.768413543701172	0.09221082925796509	-2.815851926803589
8.295848846435547	-8.607437133789062	-4.968074798583984	-1.501278042793274	2.9078545570373535	-7.207676887512207	1.437333106994629	-10.89696979522705	3.4506969451904297	1.2990695238113403
-14.634682655334473	6.4818925857543945	-7.126169204711914	-1.7962806224822998	-13.188472747802734	-5.242639064788818	-9.364693641662598	1.1235982179641724	-14.457387924194336	2.3777737617492676
-10.093892097473145	3.2242300510406494	-10.650510787963867	3.0892624855041504	-11.774903297424316	-9.231218338012695	-9.663786888122559	8.787378311157227	-7.597738742828369	-2.8396894931793213
1.096949577331543	-6.232852935791016	-3.2416205406188965	-0.8601206541061401	6.963056564331055	-5.3513503074646	3.703542709350586	-10.31485652923584	-3.9435088634490967	1.0461663007736206
-9.882211685180664	-6.549203872680664	5.499678611755371	-1.191144585609436	-9.762564659118652	-0.4124309718608856	0.20266881585121155	-13.2547607421875	-6.3367743492126465	-1.0348256826400757
-9.891901016235352	-6.576889991760254	5.524346351623535	-1.1963311433792114	-9.751140594482422	-0.3843574821949005	0.22234734892845154	-13.287623405456543	-6.332627773284912	-1.0276882648468018
-18.26333236694336	1.1575067043304443	-3.799448251724243	-2.98026180267334	-13.865351676940918	1.381152629852295	-8.313647270202637	-5.467095375061035	-16.315053939819336	5.950479507446289
-10.291949272155762	3.40926194190979	-10.767834663391113	2.927225351333618	-12.00123119354248	-9.251913070678711	-9.829094886779785	8.870197296142578	-7.884058952331543	-2.7501981258392334
-14.694742202758789	6.4672980308532715	-7.066349029541016	-1.8455121517181396	-13.201437950134277	-5.141701698303223	-9.350288391113281	0.9894431829452515	-14.518176078796387	2.469086170196533
-4.009901523590088	-2.529892683029175	-5.733412265777588	5.82681941986084	-2.5573604106903076	-7.887363433837891	-3.2298872470855713	-1.1667673587799072	-5.0214667320251465	-1.8846954107284546
-14.27657699584961	-6.802505016326904	-1.2500858306884766	-1.0556212663650513	-6.87026834487915	6.375364303588867	-2.146801710128784	-10.385449409484863	-8.822246551513672	1.5146478414535522
3.2995216846466064	-9.222065925598145	-6.566356658935547	-6.85097599029541	-1.7697908878326416	-2.369150400161743	1.300048828125	-9.518694877624512	7.556898593902588	1.0577610731124878
0.9234436750411987	-5.505311965942383	-4.26420259475708	-5.38346004486084	5.745120525360107	-5.124874114990234	2.258955955505371	-6.264888763427734	-5.020813941955566	-1.405563473701477
-18.699951171875	2.154726505279541	-6.249135971069336	-1.4008309841156006	-11.109221458435059	0.5269061326980591	-6.926218509674072	-4.5781450271606445	-14.742674827575684	6.288142204284668
-12.838512420654297	-2.1875529289245605	-7.975708961486816	9.451939582824707	-5.589310169219971	-7.846630573272705	-0.9840304255485535	3.721226692199707	-8.932829856872559	-3.7039449214935303
-15.912578582763672	-8.289649963378906	7.10930871963501	2.7190818786621094	-9.768853187561035	1.8738335371017456	1.0243768692016602	-14.250325202941895	-6.817164897918701	-1.256029486656189
-16.329002380371094	-5.982715606689453	-0.1659771203994751	-0.23347091674804688	-7.385015487670898	6.7174177169799805	-3.532020330429077	-10.089381217956543	-10.75114631652832	2.1214842796325684
-14.924295425415039	3.3682003021240234	-10.538756370544434	2.3773655891418457	-9.970324516296387	-8.393033981323242	-2.981117010116577	8.574063301086426	-9.237689018249512	-1.7563762664794922
-14.097785949707031	-7.016132831573486	-1.1361875534057617	-0.9936763048171997	-6.904958248138428	6.255895137786865	-1.9103485345840454	-10.612725257873535	-8.542203903198242	1.376967191696167
-14.53968620300293	7.527198314666748	-8.390486717224121	-3.103365182876587	-10.679105758666992	-5.227674961090088	-5.029918193817139	2.61780047416687	-12.534562110900879	2.4996018409729004
-17.224557876586914	-0.25000202655792236	-4.6169114112854	-1.386225700378418	-8.945199012756348	3.0975372791290283	-5.874663829803467	-5.517995834350586	-13.239724159240723	5.5010986328125
-12.841033935546875	-2.1844704151153564	-7.9789958000183105	9.451298713684082	-5.593688488006592	-7.84832239151001	-0.986199676990509	3.725402593612671	-8.933155059814453	-3.702430486679077
-7.570745468139648	-10.442977905273438	-1.9956824779510498	-3.577418327331543	-6.284578800201416	-0.7524929642677307	5.546043395996094	-14.977621078491211	-0.02535261958837509	-1.0692650079727173
-14.527002334594727	7.5403289794921875	-8.342765808105469	-3.15873646736145	-10.661633491516113	-5.15760612487793	-5.066597938537598	2.4615581035614014	-12.610532760620117	2.5800132751464844
2.3110687732696533	-9.737006187438965	-6.317221164703369	-6.31780481338501	-2.527409791946411	-2.187523126602173	1.6656115055084229	-10.248014450073242	7.758297443389893	0.8640170097351074
-12.84042739868164	-2.184786558151245	-7.97861909866333	9.45120906829834	-5.593158721923828	-7.847580909729004	-0.9865707755088806	3.72476863861084	-8.932882308959961	-3.702338218688965
-14.547173500061035	7.507917881011963	-8.440752029418945	-3.0388736724853516	-10.693800926208496	-5.302094459533691	-4.989263534545898	2.787587881088257	-12.446535110473633	2.4124491214752197
1.5874459743499756	-5.746852874755859	-4.733291149139404	-5.965417385101318	5.970937252044678	-5.15641975402832	2.0849907398223877	-6.64578104019165	-4.592004299163818	-1.109323501586914
-12.842863082885742	-2.1194496154785156	-7.993734836578369	9.38068962097168	-5.652994632720947	-7.85190486907959	-1.0229780673980713	3.792928695678711	-8.914627075195312	-3.6730871200561523
-14.56574821472168	7.45289421081543	-8.493279457092285	-2.9539451599121094	-10.69493579864502	-5.37669563293457	-4.945605754852295	2.9480226039886475	-12.380060195922852	2.3176398277282715
-15.012928009033203	2.805527925491333	-10.540484428405762	3.159548282623291	-9.712311744689941	-8.53962516784668	-2.785738706588745	8.659398078918457	-9.115293502807617	-2.1167986392974854
-15.021953582763672	3.0306665897369385	-10.569805145263672	2.8612780570983887	-9.845490455627441	-8.529767990112305	-2.8491411209106445	8.719619750976562	-9.150843620300293	-2.0128870010375977
2.2198798656463623	-9.791760444641113	-6.298465251922607	-6.306771755218506	-2.586347818374634	-2.182511568069458	1.7425013780593872	-10.353249549865723	7.747812271118164	0.8321870565414429
1.9253957271575928	-9.921690940856934	-6.214776992797852	-6.29033088684082	-2.7451798915863037	-2.1632163524627686	1.961836576461792	-10.650742530822754	7.632516860961914	0.7397135496139526
2.7498130798339844	-9.535195350646973	-6.454601764678955	-6.547245025634766	-2.2108314037323	-2.2359745502471924	1.4725843667984009	-9.908780097961426	7.74472713470459	0.9851846694946289
-12.837194442749023	-2.1889145374298096	-7.973922252655029	9.451942443847656	-5.587088108062744	-7.845987319946289	-0.9824991822242737	3.719353199005127	-8.932727813720703	-3.704789161682129
-17.181615829467773	-5.385353088378906	-0.18583476543426514	-0.2124643325805664	-7.6262946128845215	6.675522327423096	-4.291022300720215	-9.79326343536377	-11.689144134521484	2.675259828567505
-15.363324165344238	-5.930213451385498	-1.2046139240264893	-0.9756062030792236	-6.917212009429932	6.652121067047119	-3.1847054958343506	-9.713326454162598	-10.160396575927734	2.0851378440856934
-15.158561706542969	-6.070054054260254	-1.2514373064041138	-1.0108226537704468	-6.895843982696533	6.6292405128479	-3.0052244663238525	-9.78773307800293	-9.925278663635254	1.9811434745788574
-12.839643478393555	-2.1868717670440674	-7.977125644683838	9.452354431152344	-5.590854644775391	-7.847195625305176	-0.9851213097572327	3.7224042415618896	-8.932998657226562	-3.7033867835998535
1.2603250741958618	-5.636163711547852	-4.512141704559326	-5.689327716827393	5.874727249145508	-5.142643451690674	2.172698497772217	-6.46999454498291	-4.816416263580322	-1.256404161453247
0.9242212772369385	-5.5052714347839355	-4.264760494232178	-5.384354114532471	5.745349407196045	-5.124688148498535	2.2588179111480713	-6.265076160430908	-5.020368576049805	-1.4052371978759766
-18.917226791381836	1.3712607622146606	-5.873994827270508	-1.2742395401000977	-10.816481590270996	1.3500670194625854	-6.883120536804199	-5.065840721130371	-14.729764938354492	6.36141300201416
-8.129899024963379	-10.405030250549316	-1.4953694343566895	-3.2302732467651367	-6.543877124786377	-0.6085548996925354	5.420477390289307	-14.996918678283691	-0.37551870942115784	-1.0946260690689087
1.5942243337631226	-5.747875213623047	-4.737277030944824	-5.970606327056885	5.971756458282471	-5.1561665534973145	2.0840165615081787	-6.648554801940918	-4.58641242980957	-1.1062560081481934
-15.711080551147461	-8.22480297088623	7.102365016937256	2.6631898880004883	-9.77754020690918	1.6716065406799316	1.1660399436950684	-14.160360336303711	-6.5526580810546875	-1.341831088066101
-14.74032974243164	-6.362074851989746	-1.3351564407348633	-1.089203119277954	-6.853661060333252	6.554259300231934	-2.638561964035034	-9.995816230773926	-9.446629524230957	1.789912462234497
-15.379276275634766	-5.9997944831848145	-1.1277410984039307	-0.919651985168457	-6.957607269287109	6.657829761505127	-3.142528772354126	-9.784046173095703	-10.123627662658691	2.041846513748169
-7.978260517120361	-10.384943962097168	-1.579155683517456	-3.2902915477752686	-6.473789691925049	-0.6936141848564148	5.453645706176758	-14.987593650817871	-0.2853182852268219	-1.081795334815979
-8.08837604522705	-10.373788833618164	-1.5241940021514893	-3.2842283248901367	-6.474542140960693	-0.6161800026893616	5.472150802612305	-15.057048797607422	-0.4309333860874176	-1.1098905801773071
0.9882516860961914	-5.532423496246338	-4.313844680786133	-5.443202018737793	5.7726922035217285	-5.1289191246032715	2.242400884628296	-6.306123733520508	-4.983563423156738	-1.3766591548919678
2.1405460834503174	-9.834132194519043	-6.271732807159424	-6.299591064453125	-2.636624813079834	-2.17840838432312	1.8104517459869385	-10.441716194152832	7.728280544281006	0.8036826848983765
1.7762720584869385	-5.78788948059082	-4.842645645141602	-6.115583419799805	6.0066938400268555	-5.154054164886475	2.0367488861083984	-6.72409200668335	-4.45655632019043	-1.0316194295883179
-7.66806173324585	-10.441838264465332	-1.9390227794647217	-3.5467283725738525	-6.305015563964844	-0.7036855816841125	5.538885593414307	-15.007962226867676	-0.11540570110082626	-1.0741065740585327
-15.885157585144043	-5.814827919006348	-0.7724775075912476	-0.6686794757843018	-7.11642599105835	6.657341957092285	-3.448500394821167	-9.799321174621582	-10.563520431518555	2.187758207321167
-17.531991958618164	3.576714515686035	-6.712496280670166	-1.9259932041168213	-10.984344482421875	-0.8872244954109192	-6.479519844055176	-3.1632721424102783	-14.349165916442871	5.537990570068359
-15.678789138793945	-8.22331714630127	7.106581687927246	2.657438039779663	-9.768357276916504	1.640568733215332	1.191865086555481	-14.145976066589355	-6.515873908996582	-1.3574731349945068
-12.839433670043945	-2.186683416366577	-7.976871013641357	9.45202350616455	-5.590813636779785	-7.847151756286621	-0.9849560856819153	3.722506046295166	-8.93284797668457	-3.703383684158325
-18.958019256591797	0.9223719835281372	-5.560439109802246	-1.2027819156646729	-10.64544677734375	1.7811341285705566	-6.811962604522705	-5.370578765869141	-14.656557083129883	6.2613630294799805
-15.730649948120117	-8.223669052124023	7.1076130867004395	2.6707563400268555	-9.773221015930176	1.691475749015808	1.1469511985778809	-14.160048484802246	-6.582020282745361	-1.3323858976364136
-14.997276306152344	3.1195507049560547	-10.569536209106445	2.7300896644592285	-9.88608169555664	-8.511960983276367	-2.876387357711792	8.7076997756958	-9.160475730895996	-1.9603403806686401
-18.95801544189453	1.8377662897109985	-6.096202373504639	-1.3205833435058594	-11.106169700622559	0.8572630882263184	-6.978483200073242	-4.848433494567871	-14.8381986618042	6.380643367767334
-7.660294055938721	-10.432278633117676	-1.9214868545532227	-3.5323071479797363	-6.313265323638916	-0.7311726212501526	5.537725448608398	-14.997400283813477	-0.09685339778661728	-1.0723334550857544
-12.840068817138672	-2.1859915256500244	-7.977854251861572	9.451970100402832	-5.592007637023926	-7.847312927246094	-0.9860242009162903	3.7234575748443604	-8.932889938354492	-3.7029004096984863
-0.4321006238460541	-4.955916404724121	-3.3603603839874268	-4.300778388977051	5.111363887786865	-5.098425388336182	2.6069257259368896	-5.385298728942871	-5.973567962646484	-2.0802276134490967
-17.6402645111084	3.423776626586914	-6.661998748779297	-1.8728206157684326	-10.988932609558105	-0.7380846738815308	-6.516165733337402	-3.3116061687469482	-14.376787185668945	5.618009090423584
-15.603797912597656	-8.222891807556152	7.088237762451172	2.6334500312805176	-9.75618839263916	1.5819214582443237	1.2481309175491333	-14.127589225769043	-6.431244850158691	-1.3856536149978638
-8.817333221435547	-10.38080883026123	-0.9827843308448792	-2.8251383304595947	-6.833285808563232	-0.3159357011318207	5.188308238983154	-14.96062183380127	-0.8809008598327637	-1.1100479364395142
-12.843085289001465	-2.181622266769409	-7.9822001457214355	9.45061206817627	-5.597816467285156	-7.849228382110596	-0.9891428351402283	3.729088544845581	-8.933212280273438	-3.7007017135620117
-14.620901107788086	7.168204307556152	-8.747416496276855	-2.5163350105285645	-10.685320854187012	-5.718454360961914	-4.752936840057373	3.710963249206543	-12.043693542480469	1.8838919401168823
1.2254340648651123	-10.0421781539917	-5.899986743927002	-6.0965046882629395	-3.0987792015075684	-2.0906851291656494	2.2325727939605713	-11.007238388061523	7.20094108581543	0.6092597246170044
-15.597814559936523	-8.219916343688965	7.086996555328369	2.6358375549316406	-9.750712394714355	1.5831108093261719	1.2446928024291992	-14.118912696838379	-6.4302473068237305	-1.3851332664489746
-15.02177619934082	2.850375175476074	-10.549823760986328	3.1041059494018555	-9.742020606994629	-8.53994369506836	-2.799098253250122	8.680120468139648	-9.12370491027832	-2.098083257675171
-12.841830253601074	-2.183582305908203	-7.98021125793457	9.451302528381348	-5.59531831741333	-7.848357677459717	-0.9879003167152405	3.726571559906006	-8.932966232299805	-3.7017078399658203
-12.841100692749023	-2.1842093467712402	-7.979345321655273	9.451166152954102	-5.594045639038086	-7.84813928604126	-0.9867833256721497	3.725661039352417	-8.933109283447266	-3.7021727561950684
0.8293673992156982	-5.464158535003662	-4.194547176361084	-5.3068013191223145	5.710829257965088	-5.11767053604126	2.288750410079956	-6.206943988800049	-5.089784622192383	-1.4528483152389526
-14.999764442443848	3.113912343978882	-10.569319725036621	2.7379708290100098	-9.883633613586426	-8.513607025146484	-2.8742563724517822	8.709157943725586	-9.160152435302734	-1.964579701423645
-18.33089256286621	2.561332941055298	-6.376262187957764	-1.5529298782348633	-11.059503555297852	0.11297310888767242	-6.774373531341553	-4.170470237731934	-14.598305702209473	6.073919296264648
-1.1644256114959717	-4.789876937866211	-3.1371445655822754	-3.974616050720215	4.96140718460083	-5.174223899841309	2.7592694759368896	-4.936293125152588	-6.850731372833252	-2.5892841815948486
-14.532114028930664	7.535962104797363	-8.362784385681152	-3.1369400024414062	-10.669354438781738	-5.185269355773926	-5.052921295166016	2.5234460830688477	-12.581024169921875	2.5491397380828857
-18.989891052246094	1.3302597999572754	-5.8398566246032715	-1.2489984035491943	-10.86230754852295	1.3754643201828003	-6.8972063064575195	-5.131918907165527	-14.761371612548828	6.367574691772461
-7.528598308563232	-10.45190143585205	-2.042705535888672	-3.6094236373901367	-6.263487815856934	-0.7537314295768738	5.554112434387207	-14.974921226501465	-0.0002962574362754822	-1.0679913759231567
-15.171796798706055	-5.7723212242126465	-1.5506374835968018	-1.2195407152175903	-6.759032726287842	6.63283634185791	-3.2243597507476807	-9.489754676818848	-10.138883590698242	2.1742303371429443
8.017292976379395	-6.442234039306641	-7.17405891418457	-10.096816062927246	3.7035272121429443	-4.0980143547058105	0.9372835755348206	-8.22548770904541	2.856050491333008	1.1254023313522339
-15.67429256439209	-8.209271430969238	7.107153415679932	2.6474032402038574	-9.766610145568848	1.6328167915344238	1.1945250034332275	-14.14184284210205	-6.512761116027832	-1.3561865091323853
-15.014066696166992	3.065716505050659	-10.571256637573242	2.8098111152648926	-9.862238883972168	-8.523988723754883	-2.859926223754883	8.717058181762695	-9.155176162719727	-1.992975115776062
-12.851640701293945	-2.1652276515960693	-7.9950385093688965	9.442403793334961	-5.618849754333496	-7.8544697761535645	-1.0017261505126953	3.749202251434326	-8.931707382202148	-3.6925740242004395
7.995998382568359	-6.805768013000488	-7.459053039550781	-10.14550495147705	2.9423887729644775	-3.8923606872558594	0.9577575325965881	-8.218293190002441	3.916950225830078	1.125170111656189
7.968459129333496	-6.390078544616699	-7.117498874664307	-10.054131507873535	3.7914278507232666	-4.124516010284424	0.9338613152503967	-8.218954086303711	2.692927837371826	1.120187520980835
8.108713150024414	-6.645197868347168	-7.379086494445801	-10.186636924743652	3.339249610900879	-4.010812759399414	0.9546352028846741	-8.248942375183105	3.457519769668579	1.1289416551589966
-18.950035095214844	1.7944356203079224	-6.092891693115234	-1.3180522918701172	-11.069437980651855	0.9072340130805969	-6.972290515899658	-4.853534698486328	-14.831998825073242	6.3836846351623535
-12.837188720703125	-2.188708782196045	-7.97412109375	9.451760292053223	-5.587294101715088	-7.845897197723389	-0.982776939868927	3.719545602798462	-8.932735443115234	-3.70463228225708
-18.394315719604492	2.505361795425415	-6.376011371612549	-1.5242748260498047	-11.072619438171387	0.17613284289836884	-6.810715675354004	-4.2270121574401855	-14.631919860839844	6.113844871520996
8.087189674377441	-6.705079078674316	-7.418127059936523	-10.176067352294922	3.194361448287964	-3.969879627227783	0.9541426301002502	-8.237017631530762	3.6399266719818115	1.1263498067855835
-18.446455001831055	2.45740008354187	-6.354462146759033	-1.5013222694396973	-11.088299751281738	0.2172582894563675	-6.827411651611328	-4.284430503845215	-14.653243064880371	6.138729095458984
8.026145935058594	-6.7603254318237305	-7.435989856719971	-10.136458396911621	3.0200273990631104	-3.915102481842041	0.9492694735527039	-8.205964088439941	3.8259146213531494	1.1239594221115112
-9.63310432434082	-10.052075386047363	0.10850953310728073	-2.1720972061157227	-7.1694655418396	-0.24382169544696808	4.909272193908691	-15.034656524658203	-1.571795105934143	-1.200533390045166
-9.031155586242676	-10.235236167907715	-0.5835046172142029	-2.640247106552124	-6.923004150390625	-0.42129001021385193	5.232236862182617	-15.093499183654785	-1.0584601163864136	-1.176576018333435
-19.035884857177734	1.186163306236267	-5.753696918487549	-1.224665641784668	-10.822193145751953	1.5279790163040161	-6.900260925292969	-5.226396560668945	-14.768209457397461	6.339228630065918
-14.974395751953125	3.171173095703125	-10.565230369567871	2.651412010192871	-9.905692100524902	-8.49569034576416	-2.8929402828216553	8.693741798400879	-9.16300106048584	-1.9263911247253418
-15.820632934570312	-8.261622428894043	7.116113185882568	2.686190605163574	-9.766077995300293	1.7714461088180542	1.0992305278778076	-14.217708587646484	-6.698411464691162	-1.2991811037063599
-14.931787490844727	3.255117177963257	-10.554179191589355	2.523311138153076	-9.933798789978027	-8.461273193359375	-2.9218976497650146	8.65837574005127	-9.168413162231445	-1.8632159233093262
-15.694823265075684	-8.222830772399902	7.102581977844238	2.650308609008789	-9.782635688781738	1.6458956003189087	1.1902512311935425	-14.162518501281738	-6.523911476135254	-1.3533244132995605
-14.541873931884766	7.524356842041016	-8.40392017364502	-3.0886974334716797	-10.683659553527832	-5.245928764343262	-5.020591735839844	2.6595523357391357	-12.514225006103516	2.4794254302978516
8.07342529296875	-6.5248565673828125	-7.26215124130249	-10.158510208129883	3.5707037448883057	-4.0658369064331055	0.9473928809165955	-8.244768142700195	3.1021718978881836	1.1346415281295776
-7.902242660522461	-10.378888130187988	-1.6104539632797241	-3.2774791717529297	-6.460726737976074	-0.7015842795372009	5.409701347351074	-14.892838478088379	-0.20945611596107483	-1.0630820989608765
-0.14591088891029358	-5.055601119995117	-3.5292625427246094	-4.490472316741943	5.224050045013428	-5.088998794555664	2.529163122177124	-5.562318801879883	-5.714234828948975	-1.9161347150802612
-7.623009204864502	-10.441619873046875	-1.9526875019073486	-3.553223133087158	-6.304045677185059	-0.7382646203041077	5.542972087860107	-14.989049911499023	-0.06390585750341415	-1.0744346380233765
2.0332272052764893	-9.889431953430176	-6.254964351654053	-6.305642604827881	-2.691559076309204	-2.1712446212768555	1.9008853435516357	-10.564669609069824	7.6856584548950195	0.7688111066818237
1.523574948310852	-5.728963851928711	-4.692667007446289	-5.913406848907471	5.954619884490967	-5.15413761138916	2.100604295730591	-6.616402626037598	-4.636034965515137	-1.1356908082962036
0.6514042615890503	-5.389280319213867	-4.073315620422363	-5.1540985107421875	5.622920513153076	-5.107763290405273	2.3339807987213135	-6.090691089630127	-5.196923732757568	-1.5369733572006226
8.076950073242188	-6.531703948974609	-7.269672393798828	-10.165057182312012	3.563709020614624	-4.065428733825684	0.9498068690299988	-8.249478340148926	3.117884397506714	1.13560152053833
8.106847763061523	-6.629545211791992	-7.362730979919434	-10.184107780456543	3.3716609477996826	-4.01837682723999	0.9522820115089417	-8.248793601989746	3.407526731491089	1.1292892694473267
8.057978630065918	-6.749433517456055	-7.440470218658447	-10.177703857421875	3.105120897293091	-3.94287109375	0.9585495591163635	-8.239988327026367	3.7437875270843506	1.1263707876205444
0.9767897129058838	-5.52112340927124	-4.306260585784912	-5.4490814208984375	5.775968074798584	-5.123408794403076	2.2544331550598145	-6.2987446784973145	-5.014560222625732	-1.3925938606262207
2.7150614261627197	-9.569642066955566	-6.461154460906982	-6.5390424728393555	-2.234739303588867	-2.2294397354125977	1.4979902505874634	-9.96042537689209	7.755983352661133	0.975563645362854
2.284677743911743	-9.759766578674316	-6.327106952667236	-6.322605133056641	-2.541144371032715	-2.185786008834839	1.701020359992981	-10.293305397033691	7.758916854858398	0.8529363870620728
8.070886611938477	-6.728825092315674	-7.429671764373779	-10.176325798034668	3.1451611518859863	-3.95475435256958	0.9564681649208069	-8.237820625305176	3.696047782897949	1.126128077507019
-15.155977249145508	-8.356684684753418	6.6681413650512695	2.348116397857666	-9.532347679138184	1.4381661415100098	1.538050651550293	-14.154867172241211	-6.068508148193359	-1.407446265220642
-12.83979606628418	-2.1857926845550537	-7.977449893951416	9.451424598693848	-5.591629505157471	-7.847585678100586	-0.985036313533783	3.7235519886016846	-8.933040618896484	-3.7031235694885254
-14.58439826965332	7.379058361053467	-8.562621116638184	-2.8384828567504883	-10.694646835327148	-5.4720234870910645	-4.89103364944458	3.1572723388671875	-12.290030479431152	2.19706654548645
-8.508174896240234	-10.268280982971191	-1.0550214052200317	-2.9720520973205566	-6.659853935241699	-0.5288373827934265	5.35012674331665	-15.06818675994873	-0.7594611644744873	-1.158095121383667
-15.013680458068848	2.8013362884521484	-10.539900779724121	3.1656646728515625	-9.71033000946045	-8.539290428161621	-2.7855570316314697	8.657790184020996	-9.115804672241211	-2.1185033321380615
-14.729815483093262	-6.457404136657715	-1.184378981590271	-0.9907181262969971	-6.9052886962890625	6.52691650390625	-2.5470588207244873	-10.117609977722168	-9.356706619262695	1.719556450843811
-14.980388641357422	2.676532506942749	-10.503570556640625	3.314720630645752	-9.623653411865234	-8.530357360839844	-2.749173402786255	8.591195106506348	-9.090108871459961	-2.1688787937164307
-7.626011371612549	-10.442259788513184	-1.9721757173538208	-3.5759363174438477	-6.283675670623779	-0.7240985035896301	5.5572357177734375	-15.016987800598145	-0.09141578525304794	-1.07559335231781
1.4320977926254272	-9.993915557861328	-5.959387302398682	-6.133277893066406	-3.009927988052368	-2.115769863128662	2.142505168914795	-10.878508567810059	7.3469085693359375	0.6439163684844971
-13.463422775268555	-7.364084720611572	-1.3825514316558838	-1.1675162315368652	-6.777882099151611	6.032224655151367	-1.4831987619400024	-10.786566734313965	-7.886419296264648	1.200382113456726
-7.844778060913086	-10.407580375671387	-1.7607808113098145	-3.4458553791046143	-6.366858959197998	-0.6736777424812317	5.527273178100586	-15.047688484191895	-0.2610868513584137	-1.0941275358200073
-12.838203430175781	-2.187135696411133	-7.975379467010498	9.451208114624023	-5.589216709136963	-7.846653938293457	-0.9835782647132874	3.7215120792388916	-8.932731628417969	-3.7039706707000732
-15.604098320007324	-5.950289726257324	-0.9512437582015991	-0.7938511371612549	-7.032647609710693	6.673070430755615	-3.2679648399353027	-9.81017017364502	-10.303911209106445	2.0928475856781006
-14.477334022521973	7.536311149597168	-8.222051620483398	-3.263512134552002	-10.60081958770752	-4.9707441329956055	-5.162555694580078	2.062894344329834	-12.775405883789062	2.7876462936401367
-7.47523832321167	-10.45059871673584	-2.0705723762512207	-3.6127843856811523	-6.255220890045166	-0.7674844861030579	5.540639400482178	-14.934550285339355	0.053083039820194244	-1.0599325895309448
2.0616695880889893	-9.82614803314209	-6.1834588050842285	-6.237871170043945	-2.698948621749878	-2.174640655517578	1.8086724281311035	-10.437895774841309	7.698245048522949	0.7891772985458374
-15.711944580078125	-8.222308158874512	7.108209609985352	2.658726215362549	-9.766007423400879	1.6714938879013062	1.1658018827438354	-14.160691261291504	-6.561816215515137	-1.338866114616394
-15.01361083984375	3.0687272548675537	-10.570866584777832	2.8054795265197754	-9.863673210144043	-8.52400016784668	-2.860152006149292	8.717005729675293	-9.155552864074707	-1.991716980934143
8.111011505126953	-6.653018951416016	-7.3876051902771	-10.19201374053955	3.3299903869628906	-4.009583950042725	0.9573497176170349	-8.253384590148926	3.4752705097198486	1.1290255784988403
-14.998437881469727	3.1170315742492676	-10.569230079650879	2.7333755493164062	-9.884903907775879	-8.512734413146973	-2.875236749649048	8.708470344543457	-9.160282135009766	-1.9625667333602905
-7.882262706756592	-10.435689926147461	-1.7499897480010986	-3.3826589584350586	-6.432248115539551	-0.6268654465675354	5.441562652587891	-14.945990562438965	-0.21635451912879944	-1.073083758354187
-14.534639358520508	7.534555435180664	-8.363877296447754	-3.1327807903289795	-10.670008659362793	-5.197029113769531	-5.04289436340332	2.545825481414795	-12.568740844726562	2.532125473022461
1.669061303138733	-9.983034133911133	-6.103125095367432	-6.2329816818237305	-2.8805925846099854	-2.1379828453063965	2.0847525596618652	-10.805651664733887	7.4928412437438965	0.6795119047164917
-7.618865489959717	-10.455658912658691	-1.9823329448699951	-3.559042453765869	-6.30429220199585	-0.7063310742378235	5.5231218338012695	-14.965580940246582	-0.056224726140499115	-1.0664228200912476
-15.029594421386719	2.9327967166900635	-10.562272071838379	2.999539852142334	-9.792476654052734	-8.538737297058105	-2.820265531539917	8.713144302368164	-9.134350776672363	-2.062572717666626
-12.84255313873291	-2.18277645111084	-7.98109245300293	9.45114803314209	-5.596377849578857	-7.849085330963135	-0.98801189661026	3.7277262210845947	-8.933249473571777	-3.7014150619506836
-12.842429161071777	-2.1828293800354004	-7.981117248535156	9.451128959655762	-5.596390724182129	-7.8487548828125	-0.9884591698646545	3.727602005004883	-8.93310546875	-3.701310634613037
1.9757061004638672	-9.885778427124023	-6.195785999298096	-6.265416145324707	-2.735846757888794	-2.168124198913574	1.8978543281555176	-10.565665245056152	7.663914680480957	0.7593811750411987
0.8437967300415039	-5.471819877624512	-4.203866481781006	-5.310346603393555	5.709982395172119	-5.119534015655518	2.281496286392212	-6.215228080749512	-5.066448211669922	-1.440914511680603
-15.731795310974121	-8.219629287719727	7.111609935760498	2.663996458053589	-9.777630805969238	1.6821802854537964	1.1545851230621338	-14.165115356445312	-6.577825546264648	-1.3342678546905518
-15.014860153198242	3.0625193119049072	-10.57123851776123	2.814530849456787	-9.860716819763184	-8.52486515045166	-2.858583927154541	8.717729568481445	-9.154621124267578	-1.994979977607727
2.354344606399536	-9.695923805236816	-6.310944557189941	-6.318637847900391	-2.499696969985962	-2.18973445892334	1.6214916706085205	-10.179232597351074	7.752004623413086	0.8827736377716064
-15.029932975769043	2.957923650741577	-10.563575744628906	2.9650650024414062	-9.806964874267578	-8.536367416381836	-2.8273942470550537	8.719013214111328	-9.138236045837402	-2.0512757301330566
0.9609749913215637	-5.522675514221191	-4.2919816970825195	-5.413326263427734	5.759317874908447	-5.128774642944336	2.2460172176361084	-6.287966251373291	-4.994001865386963	-1.3856958150863647
-15.691162109375	-8.216395378112793	7.103586673736572	2.653081178665161	-9.773467063903809	1.6498602628707886	1.1829280853271484	-14.152059555053711	-6.530165195465088	-1.3501204252243042
1.240085482597351	-5.62578010559082	-4.49655294418335	-5.677278518676758	5.871647834777832	-5.140560626983643	2.178704261779785	-6.456270217895508	-4.839678764343262	-1.268693208694458
8.035857200622559	-6.770225524902344	-7.446389675140381	-10.162802696228027	3.04066801071167	-3.9224491119384766	0.9561805129051208	-8.228742599487305	3.8117551803588867	1.1250895261764526
1.7326939105987549	-9.961880683898926	-6.1199870109558105	-6.238679885864258	-2.8530619144439697	-2.14656925201416	2.0449130535125732	-10.7583589553833	7.533276557922363	0.6958998441696167
-14.489663124084473	7.544240951538086	-8.255725860595703	-3.2406468391418457	-10.620213508605957	-5.021449089050293	-5.138169765472412	2.169940710067749	-12.73536205291748	2.7342453002929688
-15.807609558105469	-8.255487442016602	7.115395545959473	2.6867129802703857	-9.770567893981934	1.7594770193099976	1.105302095413208	-14.207114219665527	-6.678905487060547	-1.3044935464859009
0.9478060603141785	-5.509490966796875	-4.284790992736816	-5.4219279289245605	5.763188362121582	-5.121638774871826	2.2622697353363037	-6.281001091003418	-5.029759407043457	-1.404869556427002
1.616356372833252	-5.748802661895752	-4.7470855712890625	-5.991562843322754	5.975053787231445	-5.15149450302124	2.0768871307373047	-6.6567511558532715	-4.575078964233398	-1.0981717109680176
-18.887405395507812	1.2843579053878784	-5.820528507232666	-1.269615650177002	-10.749100685119629	1.4434822797775269	-6.855462074279785	-5.101973533630371	-14.690914154052734	6.3431549072265625
8.097726821899414	-6.5923261642456055	-7.330061435699463	-10.183485984802246	3.454558849334717	-4.039834499359131	0.9538663029670715	-8.255001068115234	3.289945125579834	1.1326991319656372
-14.486675262451172	7.543764591217041	-8.247562408447266	-3.245687484741211	-10.615965843200684	-5.017000675201416	-5.137134552001953	2.1587042808532715	-12.736848831176758	2.7362098693847656
-8.113016128540039	-10.43344783782959	-1.5677473545074463	-3.209965705871582	-6.563416004180908	-0.5189028382301331	5.315701484680176	-14.862645149230957	-0.3346780836582184	-1.064458966255188
-18.908308029174805	1.3139622211456299	-5.843887805938721	-1.2716064453125	-10.7769136428833	1.4170955419540405	-6.873326301574707	-5.088036060333252	-14.712835311889648	6.351654529571533
0.7695498466491699	-5.437061309814453	-4.155245304107666	-5.263088703155518	5.685959339141846	-5.112224102020264	2.309107542037964	-6.169053077697754	-5.136991500854492	-1.4860739707946777
-15.654045104980469	-5.837226390838623	-1.0361155271530151	-0.8503468036651611	-7.007277965545654	6.676970481872559	-3.366558074951172	-9.710922241210938	-10.412424087524414	2.168987274169922
-12.841341972351074	-2.1834259033203125	-7.979848384857178	9.450661659240723	-5.594955921173096	-7.848092079162598	-0.9875950217247009	3.726515531539917	-8.932988166809082	-3.7017860412597656
1.9627485275268555	-9.88948917388916	-6.201096057891846	-6.270978927612305	-2.7355568408966064	-2.1660704612731934	1.9159605503082275	-10.58030891418457	7.651049613952637	0.7557531595230103
-12.837850570678711	-2.18855357170105	-7.974574565887451	9.452218055725098	-5.587839603424072	-7.846517086029053	-0.9827184081077576	3.719989061355591	-8.932868003845215	-3.704592227935791
8.110939025878906	-6.655215263366699	-7.388351917266846	-10.188345909118652	3.3190360069274902	-4.005615234375	0.9555826783180237	-8.248920440673828	3.4869930744171143	1.127846598625183
0.5708987712860107	-5.356400966644287	-4.011231422424316	-5.070589065551758	5.576311111450195	-5.1068220138549805	2.3444693088531494	-6.0333638191223145	-5.229246139526367	-1.5662373304367065
-14.474919319152832	7.539432525634766	-8.22749137878418	-3.259355068206787	-10.603875160217285	-4.983818531036377	-5.154077529907227	2.09084153175354	-12.761747360229492	2.7729578018188477
-14.968151092529297	3.181732177734375	-10.564621925354004	2.6358931064605713	-9.909424781799316	-8.490835189819336	-2.8976657390594482	8.689510345458984	-9.163302421569824	-1.9178200960159302
-15.740488052368164	-8.22655963897705	7.1110734939575195	2.6645126342773438	-9.76650333404541	1.696893334388733	1.1460952758789062	-14.173103332519531	-6.598555564880371	-1.3269691467285156
-18.045583724975586	2.9909727573394775	-6.501174449920654	-1.7037172317504883	-11.067343711853027	-0.31838753819465637	-6.659311771392822	-3.766493320465088	-14.523910522460938	5.845030784606934
7.729353427886963	-6.938703536987305	-7.450408458709717	-9.929041862487793	2.4774763584136963	-3.753631114959717	0.9607400298118591	-8.14111614227295	4.353375434875488	1.1197539567947388
1.8298181295394897	-9.925978660583496	-6.146259784698486	-6.247712135314941	-2.807893991470337	-2.157341957092285	1.9844746589660645	-10.677037239074707	7.588610649108887	0.7217384576797485
0.9624783396720886	-5.523411273956299	-4.292919158935547	-5.414322376251221	5.7598371505737305	-5.129177093505859	2.2450244426727295	-6.288607120513916	-4.992450714111328	-1.3847357034683228
-8.313777923583984	-10.411110877990723	-1.3640758991241455	-3.1047580242156982	-6.651570796966553	-0.518367350101471	5.3258585929870605	-14.93005657196045	-0.4657577574253082	-1.088309645652771
-18.97423553466797	1.721962332725525	-6.049615383148193	-1.3022871017456055	-11.05427074432373	0.9730417132377625	-6.9632415771484375	-4.911523818969727	-14.83090591430664	6.387706756591797
-14.960970878601074	3.1966395378112793	-10.562577247619629	2.6121480464935303	-9.91448974609375	-8.485918045043945	-2.9019038677215576	8.684981346130371	-9.163568496704102	-1.908219814300537
-13.658870697021484	-8.838374137878418	4.938370227813721	1.1347262859344482	-8.816676139831543	0.9546951651573181	2.4351561069488525	-14.36086368560791	-4.861264228820801	-1.3020882606506348
8.07101821899414	-6.71590518951416	-7.419003963470459	-10.156994819641113	3.142313241958618	-3.9526567459106445	0.9492838978767395	-8.220256805419922	3.692502975463867	1.1246014833450317
2.104088068008423	-9.833696365356445	-6.23559045791626	-6.275435447692871	-2.6653952598571777	-2.17679500579834	1.8141734600067139	-10.446833610534668	7.716043472290039	0.7961498498916626
8.041287422180176	-6.749316692352295	-7.433183193206787	-10.147198677062988	3.0580666065216064	-3.92653226852417	0.950526773929596	-8.213407516479492	3.7855138778686523	1.1239339113235474
-18.247587203979492	0.8053406476974487	-5.4655985832214355	-1.3374102115631104	-10.050889015197754	1.9540003538131714	-6.465301036834717	-5.15047550201416	-14.158185958862305	6.139106750488281
-15.653190612792969	-8.21606731414795	7.1021199226379395	2.649188995361328	-9.764388084411621	1.6199191808700562	1.2076809406280518	-14.13425064086914	-6.48735237121582	-1.3656235933303833
-15.783015251159668	-8.236924171447754	7.113341808319092	2.679575204849243	-9.771960258483887	1.7365654706954956	1.1161633729934692	-14.18747615814209	-6.648977279663086	-1.3124107122421265
-15.90429973602295	-8.288321495056152	7.101780891418457	2.720320701599121	-9.7649507522583	1.877729892730713	1.019416093826294	-14.243633270263672	-6.812955856323242	-1.2525882720947266
-7.922604084014893	-10.443350791931152	-1.7403500080108643	-3.3740854263305664	-6.446566581726074	-0.5933083891868591	5.42905330657959	-14.949853897094727	-0.24975958466529846	-1.0761622190475464
7.938543796539307	-6.364414691925049	-7.092113018035889	-10.030791282653809	3.8308265209198	-4.13611364364624	0.931551992893219	-8.211808204650879	2.6154284477233887	1.1160625219345093
-14.816515922546387	6.6745147705078125	-7.855157375335693	-3.0384926795959473	-10.393720626831055	-3.9518868923187256	-5.476361274719238	0.3279285132884979	-13.304923057556152	3.6672720909118652
-18.954240798950195	1.530064582824707	-5.952849864959717	-1.282351016998291	-10.937237739562988	1.167737364768982	-6.917954444885254	-5.008324146270752	-14.781597137451172	6.381692409515381
-12.843002319335938	-2.182417631149292	-7.9814276695251465	9.451146125793457	-5.596912860870361	-7.849610328674316	-0.9878944754600525	3.728290319442749	-8.933324813842773	-3.7013320922851562
-15.692449569702148	-8.221901893615723	7.101988315582275	2.6539061069488525	-9.779869079589844	1.6483992338180542	1.1866099834442139	-14.156340599060059	-6.524223327636719	-1.3528358936309814
8.108067512512207	-6.649818420410156	-7.382124423980713	-10.181402206420898	3.32015061378479	-4.004767894744873	0.9525737166404724	-8.242713928222656	3.4803245067596436	1.1278101205825806
-18.425607681274414	2.4865589141845703	-6.362096309661865	-1.514554738998413	-11.08731460571289	0.19069252908229828	-6.8187665939331055	-4.254194736480713	-14.646143913269043	6.122000694274902
-15.743692398071289	-8.230720520019531	7.102019786834717	2.677056074142456	-9.773507118225098	1.7111412286758423	1.1327574253082275	-14.167210578918457	-6.600889682769775	-1.324417233467102
-7.74003267288208	-10.454554557800293	-1.848020076751709	-3.3946762084960938	-6.426583766937256	-0.6134126782417297	5.3290300369262695	-14.78132438659668	-0.05172862857580185	-1.0279239416122437
8.054792404174805	-6.728434085845947	-7.423486232757568	-10.146411895751953	3.0996081829071045	-3.9393577575683594	0.9484627842903137	-8.211827278137207	3.738645553588867	1.1245871782302856
-14.482206344604492	7.541709899902344	-8.245707511901855	-3.2461605072021484	-10.613364219665527	-5.007151126861572	-5.144092559814453	2.141840934753418	-12.742975234985352	2.7484748363494873
-14.989910125732422	3.1369245052337646	-10.56796932220459	2.7034173011779785	-9.892685890197754	-8.506609916687012	-2.8818304538726807	8.703429222106934	-9.161441802978516	-1.9494048357009888
0.634131908416748	-5.382421493530273	-4.052786827087402	-5.121583461761475	5.606318473815918	-5.108669757843018	2.330348253250122	-6.075584411621094	-5.185214996337891	-1.5348843336105347
-15.674656867980957	-8.214258193969727	7.105599403381348	2.6523351669311523	-9.765463829040527	1.6378635168075562	1.1910512447357178	-14.140514373779297	-6.514646530151367	-1.356078028678894
-15.681018829345703	-8.206473350524902	7.109199047088623	2.645860195159912	-9.768880844116211	1.6348967552185059	1.1915251016616821	-14.145416259765625	-6.519464492797852	-1.3528392314910889
-18.954885482788086	1.4043442010879517	-5.889102458953857	-1.268463373184204	-10.867522239685059	1.3068351745605469	-6.900712966918945	-5.068949222564697	-14.758468627929688	6.370820045471191
-14.968664169311523	3.182396173477173	-10.564018249511719	2.6345055103302	-9.909706115722656	-8.491582870483398	-2.896838665008545	8.689882278442383	-9.163415908813477	-1.9184061288833618
-14.467172622680664	7.524765968322754	-8.193598747253418	-3.279719114303589	-10.578120231628418	-4.922422885894775	-5.184449672698975	1.96468186378479	-12.805444717407227	2.836975574493408
-12.840042114257812	-2.185450315475464	-7.977823734283447	9.451419830322266	-5.5922698974609375	-7.84747314453125	-0.9858366847038269	3.7239644527435303	-8.932806015014648	-3.7027978897094727
