-6.1597514152526855	-4.711296081542969	4.000995635986328	-1.6714842319488525	-5.078540325164795	10.967565536499023	3.259019374847412	1.2425568103790283	1.3769185543060303	1.4907407760620117
4.090896129608154	2.894920587539673	-8.360538482666016	-5.064266681671143	-3.9133429527282715	-1.100954294204712	0.9098355770111084	-2.1246085166931152	10.765687942504883	0.09038537740707397
3.376157760620117	1.7557545900344849	-1.1523123979568481	-2.5473570823669434	7.805553913116455	-3.343226194381714	1.0244989395141602	-4.161203384399414	-3.647496461868286	0.9538261294364929
0.30780231952667236	7.943879127502441	-7.916274070739746	-1.4271936416625977	-2.6078176498413086	1.5967315435409546	-5.449665546417236	-2.0029897689819336	-2.235790729522705	10.718899726867676
-3.674720525741577	-3.3483002185821533	2.127890110015869	10.195845603942871	-2.5273830890655518	-1.1309415102005005	1.2636070251464844	1.7555850744247437	-5.589151859283447	1.7930140495300293
-5.968051433563232	-10.518475532531738	12.016441345214844	1.1757862567901611	-1.7442333698272705	5.232096195220947	8.956854820251465	-3.17551326751709	-2.8146772384643555	1.6073763370513916
-5.060571193695068	-3.0464847087860107	1.312419056892395	1.0279321670532227	-5.081562519073486	9.890823364257812	-0.15522274374961853	0.21726393699645996	-1.6881436109542847	5.573688507080078
-3.2565269470214844	0.1831980049610138	-2.937206268310547	1.6539366245269775	-6.198008060455322	-0.41603565216064453	3.5952844619750977	7.489785194396973	1.6074364185333252	-0.34654396772384644
-6.3392415046691895	-3.6082000732421875	1.607647180557251	-1.0590624809265137	-6.881699085235596	12.555377960205078	2.586398124694824	0.3981900215148926	1.7051478624343872	4.052291393280029
1.184162974357605	10.463159561157227	-11.696969985961914	-3.302760124206543	-4.299632549285889	0.5520933866500854	-4.83104133605957	0.41888606548309326	3.3608179092407227	6.167576789855957
1.7694709300994873	5.602128505706787	-6.835160732269287	-3.7711076736450195	-1.0125483274459839	2.8357608318328857	-2.7763986587524414	-6.011904716491699	-0.34190547466278076	10.589217185974121
-5.400047779083252	-5.224194526672363	5.103156566619873	10.932509422302246	-4.2145256996154785	0.5177409648895264	0.27699974179267883	1.4953339099884033	-6.68061637878418	4.128011703491211
0.3935930132865906	-3.463460683822632	1.9581705331802368	-3.1522812843322754	0.024899765849113464	-1.3704075813293457	8.845261573791504	-1.0121251344680786	0.6485245227813721	-0.38988983631134033
0.9251360893249512	8.805058479309082	-9.239025115966797	-2.993069648742676	-3.0564026832580566	-0.33984073996543884	-3.8530361652374268	0.79909348487854	2.4292104244232178	4.892164707183838
4.538722038269043	1.8089518547058105	-7.8816046714782715	-4.947281837463379	-3.9180097579956055	-1.2784886360168457	1.7285293340682983	-2.2872085571289062	10.581340789794922	0.25712114572525024
-5.435661792755127	-5.435999393463135	3.243328809738159	12.634312629699707	-4.756564140319824	0.4241960644721985	0.1824425756931305	3.419079065322876	-6.269812107086182	2.9105849266052246
-0.5558606386184692	11.763616561889648	-12.17729377746582	-3.3082308769226074	-5.255643367767334	2.0640387535095215	-4.701061248779297	1.4568777084350586	3.3378593921661377	6.459866523742676
2.893162727355957	-0.179738849401474	0.07800133526325226	-2.3754723072052	6.025003433227539	-3.2648258209228516	3.585305690765381	-3.519552707672119	-2.9509289264678955	0.4119352698326111
-6.5945258140563965	-8.2841796875	11.23829460144043	7.470767974853516	0.33765894174575806	1.6763628721237183	4.7833571434021	-3.3548901081085205	-8.329719543457031	3.3985018730163574
1.1744807958602905	9.206463813781738	-11.556123733520508	-0.7402599453926086	-5.141567707061768	-1.3078322410583496	-4.235004425048828	0.920910120010376	2.933812141418457	6.529593467712402
-3.440694808959961	-1.1485984325408936	-2.4093616008758545	3.435152053833008	-6.631542682647705	1.1180241107940674	1.9973945617675781	6.835356712341309	1.54129958152771	-0.09051254391670227
-4.1752800941467285	1.0191458463668823	-2.666506767272949	1.0418598651885986	-5.807560443878174	2.0559706687927246	1.0312987565994263	7.567217826843262	1.8209919929504395	-0.883588969707489
4.1351447105407715	2.7677323818206787	-8.339126586914062	-5.3725104331970215	-4.19708251953125	-0.8821215033531189	1.2969539165496826	-2.3842058181762695	11.330155372619629	0.03304070234298706
3.8821229934692383	3.9399306774139404	-9.28785514831543	-5.55710506439209	-4.633612155914307	-0.665321946144104	0.1738533079624176	-1.936971664428711	11.951922416687012	0.11622220277786255
4.770726680755615	3.2134745121002197	-9.302348136901855	-5.905980110168457	-4.289559841156006	-0.6323224306106567	1.0428807735443115	-3.0387051105499268	12.060954093933105	0.4569784998893738
-5.32846212387085	-5.670089244842529	3.1560556888580322	8.551445007324219	-5.310300827026367	0.11931222677230835	3.18349027633667	5.629363059997559	-3.6398046016693115	1.1688687801361084
-5.362521648406982	-5.791172981262207	3.10986590385437	1.294055461883545	-5.982056140899658	10.018062591552734	2.2961854934692383	-1.5823845863342285	-0.5679893493652344	6.397639274597168
-5.8796916007995605	-2.9549245834350586	3.2729804515838623	-1.8455369472503662	-4.275932312011719	10.664031982421875	2.4563169479370117	0.40568411350250244	0.8066930770874023	1.4279019832611084
-6.893974781036377	-4.98071813583374	2.9701340198516846	-0.09208101034164429	-7.305578708648682	12.666658401489258	2.647881269454956	0.803560733795166	0.5633076429367065	4.9203715324401855
-6.028557777404785	-5.925713539123535	6.803779125213623	11.42479419708252	-3.9895834922790527	0.9260538816452026	1.9767277240753174	1.6982626914978027	-7.798151016235352	3.09981632232666
4.316126823425293	1.1439101696014404	-1.6059218645095825	-2.9569451808929443	6.7032060623168945	-3.62363338470459	1.9873685836791992	-4.017457008361816	-2.7992913722991943	1.004095435142517
3.689507007598877	1.5539437532424927	-1.3591586351394653	-2.6841394901275635	7.695188999176025	-3.4879379272460938	1.3459259271621704	-4.233019828796387	-3.4356255531311035	0.9521239399909973
0.020149841904640198	3.93829083442688	-6.630002498626709	-1.9206633567810059	-3.9053616523742676	2.898484230041504	-0.920426607131958	-2.326490640640259	1.1215001344680786	8.01562213897705
2.2067041397094727	-3.9760029315948486	-0.2722245454788208	-3.0942752361297607	-1.8179737329483032	-1.4053457975387573	8.708636283874512	-1.3782340288162231	3.7509372234344482	-0.6548033356666565
3.701434850692749	0.254647433757782	-0.8893592357635498	-2.7555742263793945	5.993701457977295	-3.3110594749450684	3.023247241973877	-3.7827303409576416	-2.433997392654419	0.5693831443786621
-4.0344929695129395	-7.107071399688721	9.428239822387695	-0.13426104187965393	0.034595414996147156	1.756774663925171	8.14905834197998	-1.2497426271438599	-2.179553985595703	-1.3917207717895508
-6.825758457183838	-6.286466121673584	5.62028169631958	-1.306154489517212	-5.358312129974365	13.531841278076172	3.728773593902588	-0.7791202068328857	1.4947019815444946	1.6949594020843506
-8.300285339355469	-6.5581135749816895	4.402626037597656	0.33633631467819214	-7.2440876960754395	14.073846817016602	3.6129631996154785	1.4535070657730103	0.67760169506073	3.1426870822906494
0.6387021541595459	-5.489107131958008	2.465712308883667	-3.093371629714966	-1.34986412525177	-0.6552982926368713	10.714369773864746	-1.0599629878997803	2.342191219329834	-1.1971652507781982
-0.26365309953689575	-3.8385934829711914	1.3043245077133179	-3.6975884437561035	-2.3995771408081055	-0.6061800122261047	10.22246265411377	0.24181073904037476	3.435647964477539	-1.5546705722808838
2.1644740104675293	0.6739664077758789	0.1376253217458725	-2.637254238128662	6.489835262298584	-3.213810920715332	3.2508692741394043	-2.9451959133148193	-3.7024667263031006	0.5496905446052551
3.5476415157318115	3.1361119747161865	-8.48364543914795	-5.404912948608398	-4.453773498535156	-0.5382850170135498	0.8664340972900391	-1.7207311391830444	11.351608276367188	-0.028364598751068115
3.989776134490967	0.18278948962688446	-1.0827034711837769	-2.9667296409606934	5.682483196258545	-3.1017961502075195	3.176344394683838	-3.810178518295288	-2.038503885269165	0.47705209255218506
1.616220474243164	-5.414513111114502	1.6515710353851318	-3.1565403938293457	-1.7143330574035645	-0.7360451221466064	9.620542526245117	-1.1497557163238525	3.3393242359161377	-1.3169925212860107
-5.142613410949707	-5.685059547424316	2.692180871963501	-0.2957161068916321	-6.128890514373779	11.18058967590332	3.8478517532348633	-0.42216479778289795	1.5170100927352905	3.7097325325012207
-0.7701744437217712	5.032309532165527	-5.700676918029785	-1.1571584939956665	-3.2150447368621826	2.902634859085083	-2.2427022457122803	-1.373254656791687	-0.3312833905220032	6.769730091094971
-4.4400434494018555	-8.501720428466797	10.821819305419922	0.3088878393173218	-0.010413721203804016	2.1795573234558105	8.929373741149902	-2.3676650524139404	-3.070298194885254	0.049481332302093506
-4.1786346435546875	-5.8765082359313965	7.9659295082092285	7.0298051834106445	-0.54521644115448	0.24328115582466125	2.539616107940674	-1.2026281356811523	-6.746376991271973	2.273843288421631
0.9794865846633911	6.957025527954102	-7.35386323928833	-2.9424245357513428	-1.7608412504196167	1.1887726783752441	-3.3374972343444824	-2.9909558296203613	0.003177270293235779	8.196123123168945
-6.540743827819824	-9.905683517456055	13.426315307617188	1.601222276687622	-0.9144013524055481	4.848124027252197	7.430484294891357	-1.6363939046859741	-4.0190277099609375	0.2100962996482849
-4.473447322845459	0.35085979104042053	-3.0775513648986816	3.8614373207092285	-6.661732196807861	1.6416140794754028	0.3395337760448456	8.663114547729492	0.33519846200942993	-0.09730023145675659
-0.8582837581634521	1.5912284851074219	-4.219148635864258	-2.1608715057373047	-3.453164577484131	1.9124042987823486	2.1058664321899414	-1.5049395561218262	-1.0238239765167236	9.269051551818848
-0.7244040966033936	-5.412893772125244	3.9834330081939697	-3.199373483657837	-1.1238138675689697	-0.011283695697784424	10.800015449523926	-0.6260488033294678	1.5149677991867065	-1.5625040531158447
-5.506088733673096	-5.962602138519287	7.695183277130127	8.430209159851074	-0.8857811093330383	1.3902912139892578	2.1525168418884277	0.4813041687011719	-7.119746208190918	1.0775692462921143
0.24827946722507477	1.6228548288345337	-1.7886717319488525	-0.8342692255973816	8.549610137939453	-1.497383713722229	7.265814304351807	-7.961915016174316	-3.2546262741088867	1.2605133056640625
-1.6205095052719116	3.86494517326355	-5.271439075469971	-0.2525598406791687	-4.6689229011535645	1.574093222618103	-1.9194047451019287	-0.006259888410568237	0.16008202731609344	7.6121826171875
-6.525279521942139	-9.758621215820312	12.574947357177734	2.9924330711364746	-0.8942732810974121	3.060763120651245	7.426615238189697	-2.662414789199829	-4.449731826782227	1.782344102859497
1.0934374332427979	-4.125833511352539	1.009570598602295	-3.9460816383361816	-1.9595866203308105	-0.529180645942688	9.884119987487793	-0.8579392433166504	4.052764892578125	-1.6258134841918945
-4.906429290771484	-4.870316982269287	4.548463344573975	10.954752922058105	-2.6357760429382324	0.46838557720184326	0.3960951864719391	1.1433346271514893	-8.10903549194336	4.207133769989014
0.5031564235687256	14.058110237121582	-13.775324821472168	-1.5629827976226807	-4.1340227127075195	-0.9948680400848389	-7.266175270080566	2.530829668045044	1.45990788936615	6.561631679534912
3.3065085411071777	2.092200517654419	-7.510992527008057	-4.89021635055542	-4.368988513946533	-0.2840465307235718	1.7186614274978638	-1.3700840473175049	10.458903312683105	-0.13253778219223022
-4.994960784912109	-8.629931449890137	11.885932922363281	0.6915989518165588	-0.0763370543718338	2.244802713394165	8.404397964477539	-1.5583982467651367	-3.072093963623047	-0.8707159161567688
-3.39275860786438	-0.08954820036888123	-2.138601779937744	1.2119567394256592	-5.579571723937988	1.3663246631622314	2.6232545375823975	6.673637390136719	3.2672977447509766	-2.4554152488708496
-3.9676079750061035	-4.401595115661621	4.627103328704834	7.724496841430664	-1.1711076498031616	0.9316529035568237	1.3292897939682007	0.2190675139427185	-4.936369895935059	0.7580508589744568
-5.578238487243652	-5.594183444976807	4.533072471618652	10.109990119934082	-5.238720417022705	1.3748149871826172	0.03141871094703674	3.2453672885894775	-6.240805625915527	3.718881130218506
2.4303131103515625	1.4602067470550537	-0.5259978771209717	-2.540163278579712	7.268031597137451	-3.04663348197937	1.9510865211486816	-3.5283589363098145	-3.8836910724639893	0.7550855875015259
-3.349879264831543	-0.3215029239654541	-2.2013516426086426	0.656974732875824	-5.641666889190674	1.5619252920150757	2.4098739624023438	6.370456695556641	3.209800958633423	-1.7092006206512451
0.6972026824951172	6.413120746612549	-7.989368915557861	-0.0099869966506958	-2.073974609375	1.4855282306671143	-4.665559768676758	-2.5517971515655518	-2.592644214630127	10.472977638244629
-0.8824963569641113	-1.0110119581222534	-1.4925602674484253	3.7542245388031006	13.605846405029297	-2.0175180435180664	13.631550788879395	-13.813043594360352	-6.131723880767822	1.2632393836975098
1.2555503845214844	11.85477352142334	-12.068816184997559	-3.320157527923584	-3.8195111751556396	-0.45391255617141724	-5.972921371459961	0.4179530143737793	3.57322096824646	5.709481239318848
-0.3746476173400879	1.6426680088043213	-2.1876368522644043	-1.5695245265960693	-1.772570252418518	1.1385393142700195	0.5602918863296509	-3.4636523723602295	-1.82711660861969	8.309184074401855
1.9754054546356201	-4.23404598236084	1.0048173666000366	-3.061732292175293	-0.16347773373126984	-1.4853522777557373	8.907210350036621	-1.6881967782974243	1.901510238647461	-1.0225200653076172
-5.861474514007568	-7.098245620727539	6.519262790679932	-0.5767306685447693	-4.181783676147461	9.97066879272461	5.161528587341309	-0.5935240983963013	0.10808210074901581	1.1985695362091064
11.056463241577148	1.6654256582260132	-8.18062973022461	-4.346888542175293	2.974116325378418	-5.194774627685547	0.3719693720340729	-6.337401390075684	4.460007667541504	1.988039493560791
-5.106865882873535	-7.949036121368408	11.715459823608398	1.3737835884094238	0.6220105290412903	2.0294792652130127	6.977398872375488	-1.8893897533416748	-3.511894702911377	-1.0904631614685059
-3.0893502235412598	2.6649904251098633	-5.154674053192139	1.556699275970459	-6.736865520477295	0.6982640624046326	0.3259167969226837	6.588406562805176	3.1615536212921143	-0.010147303342819214
-5.478400707244873	-5.427001953125	6.612780570983887	8.62475872039795	-0.4734955430030823	1.4799795150756836	2.801624059677124	-3.2169735431671143	-7.815222263336182	5.2749924659729
10.02224063873291	0.07531598210334778	-6.98778772354126	-4.323531150817871	1.3334962129592896	-4.221156120300293	2.0393576622009277	-5.785372734069824	5.626046180725098	1.2315106391906738
10.828792572021484	2.1436455249786377	-7.995778560638428	-3.983363151550293	4.440901756286621	-5.394706726074219	-0.31266483664512634	-6.310209274291992	2.85219144821167	2.1076419353485107
11.077005386352539	1.2715277671813965	-7.6613078117370605	-4.42590856552124	3.4989688396453857	-5.10569429397583	0.9109711647033691	-6.428919792175293	3.9473183155059814	1.7708861827850342
0.2617405652999878	4.020573139190674	-4.932862758636475	-1.4827723503112793	-1.9154831171035767	0.8212354779243469	-1.9325034618377686	-2.5606517791748047	-0.6602672934532166	7.566742897033691
-6.224738121032715	-4.488648891448975	2.540175676345825	9.025773048400879	-4.631699085235596	4.607396602630615	0.26713594794273376	2.1059515476226807	-6.084318161010742	4.560154914855957
-2.303649663925171	5.812710285186768	-6.795248508453369	-1.9969356060028076	-5.491378307342529	3.1691393852233887	-1.8704508543014526	2.24098539352417	1.7084697484970093	5.280238151550293
10.91633129119873	1.1666136980056763	-7.657233715057373	-4.3377366065979	3.034470558166504	-5.13353967666626	0.9789056777954102	-6.381461143493652	4.231535911560059	1.8894684314727783
-0.4240471124649048	3.473585367202759	-7.080672264099121	0.2304764986038208	-5.846447467803955	0.4537215232849121	-2.01550555229187	-0.23916029930114746	0.23649965226650238	10.625999450683594
10.176218032836914	0.9601893424987793	-7.4465484619140625	-4.089444637298584	2.230733633041382	-4.742021083831787	1.0347496271133423	-5.905618667602539	4.624214172363281	1.7369582653045654
-0.10407017171382904	-6.288178443908691	3.3296048641204834	-3.5228848457336426	-2.3829402923583984	0.854930579662323	11.266298294067383	-0.6014846563339233	3.367555618286133	-1.8335168361663818
-0.8308335542678833	-4.82759428024292	2.7096199989318848	-3.318246841430664	-2.2380871772766113	0.6775404810905457	9.932047843933105	0.1601582169532776	2.8154642581939697	-1.5178844928741455
-0.03357957303524017	3.246739625930786	-4.412927150726318	-1.9825756549835205	-1.9550517797470093	1.5347561836242676	-1.1939548254013062	-4.237112998962402	-1.5510776042938232	10.1345796585083
-5.225552082061768	2.2522499561309814	-3.889244556427002	1.497849941253662	-7.016205787658691	2.923320770263672	0.29558566212654114	8.606476783752441	1.8655242919921875	-0.361891508102417
-6.950390815734863	-10.814740180969238	14.345724105834961	1.8743300437927246	-0.698354184627533	4.164122581481934	8.604277610778809	-1.5799758434295654	-3.95558762550354	-0.3284396529197693
-3.2019078731536865	0.34449926018714905	-2.748300552368164	0.17412924766540527	-5.429181098937988	2.6017072200775146	1.4553866386413574	5.269975662231445	2.1305975914001465	0.7398948073387146
-5.163511753082275	-7.961950778961182	11.1707763671875	1.1558752059936523	-0.32066863775253296	3.7174882888793945	6.60459566116333	-2.3612611293792725	-3.113164186477661	-0.25746744871139526
0.6446330547332764	11.585064888000488	-11.797948837280273	-3.2684597969055176	-4.027408599853516	-0.20815277099609375	-6.568370819091797	1.9327123165130615	2.8603031635284424	6.119000434875488
10.758878707885742	1.1428380012512207	-7.239101886749268	-4.037762641906738	4.017982006072998	-5.2217631340026855	0.8082733154296875	-6.286313056945801	3.19062876701355	1.6893041133880615
1.0643398761749268	-3.936960458755493	1.3860034942626953	-3.3991947174072266	-0.4798130393028259	-1.389958143234253	9.736613273620605	-1.3761829137802124	1.5100477933883667	-0.557887613773346
-0.1426747888326645	1.3549710512161255	-0.41972464323043823	-1.32326340675354	7.642364025115967	-1.4674465656280518	6.018884181976318	-6.184649467468262	-3.3890862464904785	0.7723445892333984
1.9087464809417725	-2.927903890609741	0.39673876762390137	-2.88137149810791	-0.17707867920398712	-1.0686825513839722	6.679966926574707	-2.1648812294006348	1.208454966545105	0.6256143450737
3.7541446685791016	2.8666584491729736	-8.061798095703125	-5.105068206787109	-4.073775768280029	-1.0751171112060547	1.1236686706542969	-1.9562280178070068	10.31242561340332	0.4466703534126282
4.1463398933410645	0.8723856210708618	-1.1504966020584106	-3.030585289001465	6.366861820220947	-3.5670876502990723	2.8653817176818848	-3.6641266345977783	-2.8210930824279785	0.5733146667480469
3.4801175594329834	2.0068132877349854	-1.2330924272537231	-2.803493022918701	8.631208419799805	-3.5090999603271484	1.3381613492965698	-4.255427360534668	-4.299880504608154	0.9385249614715576
11.518896102905273	2.6514148712158203	-8.435125350952148	-4.240988731384277	5.461216449737549	-5.759522438049316	-0.8364795446395874	-6.782040596008301	2.639470338821411	2.192922353744507
9.701902389526367	0.8460686206817627	-6.404306411743164	-3.9451894760131836	3.2576258182525635	-4.664597988128662	1.302565336227417	-5.661618232727051	3.240750551223755	1.4364497661590576
10.331422805786133	0.5304297208786011	-7.104485034942627	-4.277310371398926	2.3181042671203613	-4.497803211212158	1.5424094200134277	-5.959380149841309	4.828080177307129	1.2823302745819092
4.226771831512451	1.3316532373428345	-1.6755222082138062	-2.7066030502319336	6.921082496643066	-3.503732919692993	1.227595329284668	-4.4713239669799805	-2.942415952682495	1.4022159576416016
4.596490383148193	2.9044506549835205	-8.549005508422852	-5.613114356994629	-3.9235999584198	-0.7997210621833801	1.2768490314483643	-2.7758431434631348	11.451168060302734	0.01954442262649536
4.242509841918945	2.8309290409088135	-8.661505699157715	-5.568510055541992	-4.509509563446045	-0.9199884533882141	1.5130877494812012	-2.58601450920105	11.613521575927734	0.5040604472160339
10.402774810791016	-0.01869472861289978	-6.6449360847473145	-3.9689455032348633	2.5340404510498047	-4.8329386711120605	1.8929532766342163	-5.814471244812012	4.282871246337891	1.2300031185150146
-5.760085582733154	-8.304800033569336	11.82591438293457	0.07041126489639282	-0.2635573744773865	1.8767414093017578	9.351907730102539	-0.35081374645233154	-3.465420722961426	-0.7794682383537292
-4.670511245727539	-5.437477111816406	4.5223774909973145	9.861407279968262	-3.6670501232147217	1.0375336408615112	1.0165108442306519	1.1791222095489502	-5.666570663452148	2.7723090648651123
1.0943779945373535	10.596362113952637	-10.691365242004395	-3.5623676776885986	-3.1398701667785645	0.30163246393203735	-5.505334377288818	0.29633215069770813	3.1944146156311035	5.2602643966674805
1.379915714263916	-3.7070271968841553	0.3283799886703491	-3.295861005783081	-1.793083667755127	-1.6671172380447388	9.081509590148926	-0.5740656852722168	3.47627854347229	-1.202713966369629
-3.9907968044281006	1.672510027885437	-4.05133056640625	1.5154263973236084	-6.695570945739746	0.583244800567627	2.205148696899414	8.615540504455566	0.8784312605857849	0.5127811431884766
-3.8461546897888184	-4.892183780670166	1.786952257156372	0.020276010036468506	-5.103691577911377	10.648880004882812	1.7572296857833862	-1.513740062713623	0.8161100149154663	4.417486667633057
-4.569394588470459	3.3809406757354736	-5.456145286560059	1.2654497623443604	-6.907167911529541	1.0014219284057617	0.6447241306304932	10.651202201843262	2.631955146789551	-1.917656660079956
-0.6297626495361328	-5.927082061767578	3.675750494003296	-3.432100296020508	-1.809080719947815	-0.23598778247833252	12.335402488708496	-0.17690348625183105	2.259514093399048	-1.777766466140747
4.032977104187012	3.565110445022583	-8.977706909179688	-5.590682029724121	-4.495372295379639	-0.2053995132446289	0.31030789017677307	-2.649386167526245	11.533945083618164	0.8161912560462952
-0.022405847907066345	5.785674095153809	-5.260426044464111	0.1795189082622528	1.203892469406128	-0.7076119184494019	-3.901447296142578	-5.075220108032227	-6.511104583740234	12.681694030761719
-0.18274353444576263	-5.38632345199585	3.1166622638702393	-3.3810577392578125	-1.7994484901428223	-0.29677248001098633	10.925192832946777	-0.14171922206878662	2.6717255115509033	-2.058749198913574
-4.295240879058838	-3.681504249572754	1.7048487663269043	10.240283012390137	-3.6196837425231934	-0.3897289037704468	1.2664415836334229	2.1247262954711914	-6.161869049072266	4.059212684631348
-6.145886421203613	-3.079824686050415	2.291551113128662	-0.09963065385818481	-6.310678005218506	11.516183853149414	0.8427480459213257	0.14313697814941406	0.2566230893135071	4.542986869812012
-0.14745526015758514	11.748311042785645	-11.51978588104248	-4.0728020668029785	-4.370622634887695	-0.8674141764640808	-4.416192054748535	2.4709999561309814	3.4757258892059326	5.199190616607666
0.5601603984832764	-4.7436065673828125	2.11832857131958	-3.265657663345337	-1.2276265621185303	-0.03962939977645874	9.466415405273438	-1.4263957738876343	2.0545148849487305	-0.3965957760810852
3.969944477081299	2.7793421745300293	-8.171269416809082	-5.385288715362549	-4.013899803161621	-0.61372971534729	1.3999431133270264	-2.3929975032806396	11.087850570678711	-0.03685027360916138
-5.416925430297852	-8.783356666564941	12.203408241271973	1.0267183780670166	-0.11531777679920197	1.7867152690887451	9.416542053222656	-1.3201605081558228	-3.6021947860717773	-1.0786902904510498
-4.048094749450684	2.518686056137085	-4.271183967590332	3.9366307258605957	-7.154444217681885	0.21619796752929688	-1.8059841394424438	8.618046760559082	-0.3438510298728943	1.9087178707122803
10.373682022094727	0.9073889255523682	-7.051554203033447	-3.942068576812744	3.309607982635498	-4.907440185546875	1.0498584508895874	-5.994528770446777	3.4319686889648438	1.6850073337554932
-3.6053905487060547	0.49906420707702637	-3.898078680038452	2.440901517868042	-6.90435266494751	2.6098439693450928	-0.6251629590988159	8.796987533569336	1.8045345544815063	-0.39576059579849243
1.7111265659332275	-4.534127712249756	0.5562290549278259	-3.4067883491516113	-1.6431361436843872	-1.1399681568145752	9.801981925964355	-1.3944199085235596	3.192418336868286	-0.3668130040168762
-0.4222474694252014	11.478283882141113	-10.321699142456055	-4.19157600402832	-3.148207664489746	1.166957139968872	-5.322768688201904	0.4703059196472168	1.9580397605895996	6.618267059326172
4.31791353225708	5.517503261566162	-10.734334945678711	-6.225334644317627	-4.93687105178833	-1.2580397129058838	-0.5937026739120483	-2.463724136352539	13.01330852508545	0.5608871579170227
1.8914084434509277	-3.5234763622283936	0.37632399797439575	-3.477217197418213	-0.747580349445343	-1.502530574798584	8.743836402893066	-1.5000951290130615	2.2351016998291016	-0.279069185256958
-3.191641330718994	-0.08377155661582947	-2.3511435985565186	1.9365434646606445	-5.960142612457275	0.44434869289398193	1.6142690181732178	7.191695213317871	2.061978340148926	-1.3120543956756592
-4.469479084014893	-4.590717792510986	3.6277530193328857	9.526623725891113	-3.180799961090088	-0.566774308681488	1.2808228731155396	3.2719452381134033	-5.236454010009766	0.9629165530204773
-5.006892681121826	-6.5654096603393555	6.346706390380859	9.903910636901855	-3.195560932159424	0.3140266537666321	1.5950672626495361	1.1242271661758423	-5.811212539672852	2.1779680252075195
4.872594356536865	3.5420925617218018	-9.409269332885742	-5.390419960021973	-3.8537354469299316	-0.6169994473457336	-0.023605912923812866	-3.048971652984619	11.213857650756836	0.7730349898338318
3.885195255279541	1.774043321609497	-1.3614091873168945	-2.5637917518615723	8.453798294067383	-3.8457140922546387	1.282700538635254	-4.334109306335449	-4.172198295593262	1.0115303993225098
-5.943487644195557	-10.429471015930176	13.43798828125	0.4205559492111206	-1.1690940856933594	2.6879262924194336	11.516911506652832	-1.2363331317901611	-2.9757630825042725	-0.9204557538032532
-4.83073091506958	1.9079232215881348	-5.0807061195373535	2.8143293857574463	-7.493920803070068	2.3424577713012695	-0.16498041152954102	9.428812980651855	1.347558617591858	0.511601984500885
4.634885787963867	3.7860090732574463	-9.227590560913086	-5.307477951049805	-4.126944541931152	-1.3811497688293457	0.09649762511253357	-2.5702288150787354	11.33973217010498	0.5495585799217224
-3.698884963989258	0.5800297260284424	-2.2460784912109375	0.29654884338378906	-5.54945707321167	1.5000388622283936	2.7792158126831055	7.049633979797363	2.673671007156372	-1.6706428527832031
3.744124412536621	1.278749704360962	-1.092057466506958	-2.90655517578125	7.381977558135986	-3.366084575653076	1.9452252388000488	-4.065296173095703	-3.664501190185547	1.0352985858917236
-6.944431781768799	-10.758793830871582	15.39844036102295	1.5184919834136963	0.07953433692455292	3.7742578983306885	8.823409080505371	-2.301177740097046	-4.152357578277588	-0.6105347275733948
3.3706653118133545	0.6218767166137695	-0.91729336977005	-2.550523042678833	6.071889400482178	-3.3506202697753906	2.531527519226074	-3.509331703186035	-2.7204604148864746	0.7719350457191467
10.513297080993652	0.36897504329681396	-7.152332782745361	-4.233663558959961	2.3081881999969482	-4.627449989318848	1.5390292406082153	-6.008633613586426	4.938852310180664	1.2880308628082275
2.9976742267608643	2.5640714168548584	-8.088607788085938	-5.375982284545898	-4.673677444458008	-0.13973146677017212	1.8323352336883545	-1.410341501235962	11.169931411743164	-0.15598565340042114
0.11423446238040924	10.989331245422363	-11.905101776123047	-1.7891228199005127	-5.210449695587158	-0.9669429063796997	-5.859542369842529	2.998807668685913	3.555712938308716	5.189376354217529
-7.033141136169434	-11.550158500671387	14.040054321289062	1.5646426677703857	-1.925938606262207	3.774531364440918	10.670207977294922	-0.7309780120849609	-3.1200873851776123	-0.19629031419754028
3.539323329925537	0.7097419500350952	-0.45135700702667236	-2.6271324157714844	7.572272777557373	-3.5632870197296143	2.5986127853393555	-4.122611045837402	-3.763375759124756	0.6864345669746399
4.549668788909912	0.8936905860900879	-2.0658516883850098	-2.9699907302856445	5.614897727966309	-3.4701507091522217	2.343693494796753	-3.7725260257720947	-1.8793686628341675	0.9391863942146301
0.8310366868972778	4.660132884979248	-4.633763790130615	-2.6163549423217773	-0.22356648743152618	0.8609157204627991	-2.0381593704223633	-3.1370012760162354	-3.169060468673706	8.782256126403809
10.7186279296875	1.0503017902374268	-7.270504951477051	-3.962124824523926	3.804857015609741	-5.182148456573486	0.819817066192627	-6.171332359313965	3.2669007778167725	1.6968934535980225
0.14431191980838776	11.513230323791504	-11.701993942260742	-2.722128391265869	-3.531863212585449	-0.23403596878051758	-4.894275665283203	2.107887029647827	1.435844898223877	5.940125942230225
0.7672219276428223	-4.896179676055908	1.6323028802871704	-3.3498473167419434	-1.5823757648468018	-1.197771430015564	10.812474250793457	-0.34789401292800903	2.932718515396118	-1.6278722286224365
-0.03325091302394867	3.7336409091949463	-3.912890672683716	-1.04951810836792	-0.7685942649841309	0.5649063587188721	-2.1683578491210938	-4.092972755432129	-3.256649971008301	10.073556900024414
4.006306171417236	1.2744371891021729	-1.2140389680862427	-2.8322913646698	7.743058681488037	-3.795048236846924	2.0423407554626465	-4.101405143737793	-3.6665189266204834	0.7364953756332397
-6.710796356201172	-4.823436260223389	5.097921848297119	-0.39234083890914917	-4.654846668243408	10.807737350463867	3.701974868774414	-0.7235375642776489	-0.4450411796569824	2.704514980316162
-4.481868267059326	-5.796322345733643	5.0910868644714355	7.323280334472656	-3.5135841369628906	0.9932855367660522	3.8779468536376953	1.3297301530838013	-3.4921622276306152	0.7269328832626343
3.5200209617614746	2.0815846920013428	-7.900672912597656	-5.403436183929443	-4.56581449508667	-0.09155905246734619	2.0713446140289307	-1.9212819337844849	11.423707962036133	-0.16108036041259766
-4.792857646942139	-3.6513383388519287	2.0380873680114746	9.899261474609375	-4.3612260818481445	-0.78236323595047	1.8706018924713135	5.52925968170166	-5.095175266265869	0.4943332076072693
11.435564994812012	1.033769965171814	-8.181761741638184	-4.501384258270264	2.75557804107666	-5.217484951019287	1.303621530532837	-6.50334358215332	4.851710319519043	1.6711976528167725
2.5279664993286133	1.752562165260315	-0.8443700671195984	-2.239664077758789	7.7014055252075195	-3.143261194229126	1.7916744947433472	-3.8921234607696533	-4.055030345916748	0.8743332028388977
1.269836187362671	13.101826667785645	-13.035627365112305	-2.8924546241760254	-3.827820301055908	-1.5929145812988281	-6.352675914764404	2.4692022800445557	3.078829050064087	5.081836700439453
-4.316410541534424	0.4845674932003021	-2.8238494396209717	1.0544121265411377	-6.526099681854248	0.6662992238998413	2.4121711254119873	8.682927131652832	1.709291696548462	-0.4675222635269165
-5.887534141540527	-10.21314525604248	13.330763816833496	2.2715187072753906	-0.5643592476844788	2.5987870693206787	9.204224586486816	-1.8743891716003418	-4.076532363891602	-0.5089827179908752
-0.1652536243200302	7.868050575256348	-10.332515716552734	1.4532825946807861	-5.2564873695373535	1.8569891452789307	-6.777332305908203	-2.503859758377075	-3.9835970401763916	17.043184280395508
9.199503898620605	0.9838348627090454	-6.847575664520264	-4.309875011444092	1.6194885969161987	-3.9551126956939697	1.1876919269561768	-5.579250335693359	5.254127502441406	1.3352437019348145
3.7187142372131348	3.3530240058898926	-8.918475151062012	-5.627757549285889	-4.613000869750977	-0.3775877356529236	1.0063552856445312	-2.178985595703125	12.000146865844727	0.07339364290237427
3.0788941383361816	1.3074755668640137	-0.8476172089576721	-2.6128320693969727	7.516404151916504	-3.3698675632476807	2.0066051483154297	-3.9172027111053467	-3.787479877471924	0.9203221797943115
0.39998114109039307	-4.774489879608154	2.1629297733306885	-3.613710403442383	-1.2321546077728271	-0.14923900365829468	10.075888633728027	-0.7756470441818237	2.5224292278289795	-1.3973078727722168
1.193040132522583	4.924544811248779	-6.4579033851623535	-1.0892512798309326	-1.8022032976150513	2.127528667449951	-4.034670829772949	-6.009341239929199	-2.262705087661743	12.595471382141113
-4.676310062408447	1.965519666671753	-2.919776678085327	1.948643684387207	-5.816895008087158	1.607539176940918	0.20606759190559387	8.223771095275879	0.9190914034843445	-0.881869375705719
-4.2892374992370605	-8.00092887878418	10.208863258361816	0.3475601077079773	-0.865207850933075	1.6722872257232666	9.175753593444824	-0.8656758069992065	-2.111468553543091	-1.286527156829834
10.39583969116211	0.8900551795959473	-7.792142868041992	-4.457981109619141	1.7182176113128662	-4.507741928100586	1.237799048423767	-6.097416877746582	5.705205917358398	1.5439989566802979
3.5570249557495117	3.7208971977233887	-8.67717170715332	-5.690171241760254	-4.4768385887146	-0.12692254781723022	0.41732004284858704	-2.5105092525482178	11.487054824829102	0.5391550660133362
9.546173095703125	0.15554431080818176	-6.588501453399658	-4.169551849365234	1.9127479791641235	-4.274693012237549	2.1197292804718018	-5.657866477966309	4.751187801361084	1.2989602088928223
-0.5738987922668457	2.5692026615142822	-3.699023962020874	-0.8780503869056702	-2.701582431793213	2.8348402976989746	-1.8909130096435547	-5.474580764770508	-1.2625025510787964	10.84420394897461
-5.7549309730529785	-9.589838027954102	12.44359302520752	2.3052515983581543	-0.7450840473175049	2.245962619781494	7.948552131652832	-1.6377294063568115	-3.808711051940918	0.39405399560928345
-5.817697048187256	-9.796365737915039	12.403692245483398	1.1283066272735596	-0.9629457592964172	3.1856420040130615	9.050822257995605	-1.9749915599822998	-3.362049102783203	0.3578748106956482
-5.197479724884033	-9.429116249084473	12.369592666625977	1.5924386978149414	-0.24539192020893097	1.6349576711654663	9.504694938659668	-1.616470456123352	-3.526583433151245	-0.6794865727424622
0.9723348617553711	-4.387165546417236	1.1650234460830688	-3.2769923210144043	-1.3341151475906372	-0.9536349773406982	9.717798233032227	-0.8877512216567993	2.703467845916748	-1.158717155456543
10.71390151977539	1.5045442581176758	-7.261139392852783	-3.887052297592163	4.390501976013184	-5.371262550354004	0.30717727541923523	-6.162537574768066	2.826652765274048	1.7009694576263428
1.465591311454773	17.198816299438477	-15.496525764465332	-5.613929748535156	-2.0728681087493896	-0.08114516735076904	-7.338634490966797	-0.7559681534767151	1.1517030000686646	8.81017017364502
-0.3977224826812744	3.2523562908172607	-5.157058238983154	-1.3623764514923096	-3.633331775665283	2.9892494678497314	-1.9235557317733765	-3.53279972076416	-1.2101922035217285	11.403495788574219
-4.489100456237793	-3.980041265487671	3.9583537578582764	9.079023361206055	-2.857185125350952	0.03885585069656372	0.16281786561012268	1.87087082862854	-7.232816219329834	3.7925021648406982
-6.4444708824157715	-10.893998146057129	13.886417388916016	1.296250343322754	-0.9426166415214539	3.2580857276916504	9.974308013916016	-1.1420941352844238	-3.2969727516174316	-1.0786757469177246
11.107007026672363	0.9368448257446289	-7.70436429977417	-4.268607139587402	2.73327898979187	-5.055723667144775	0.929943323135376	-6.446771621704102	4.534816741943359	1.8995745182037354
-0.7485374212265015	4.408421039581299	-5.2125163078308105	-0.36217331886291504	-3.40976619720459	1.9793367385864258	-3.044182777404785	-2.050166368484497	-1.1133753061294556	8.964408874511719
-6.252745151519775	-9.9338960647583	13.00144100189209	2.8171660900115967	-0.8924490809440613	2.4696168899536133	7.83178186416626	-1.6336270570755005	-4.434826850891113	0.719484269618988
1.834066390991211	-3.907550573348999	0.1944827288389206	-3.4762914180755615	-1.5112966299057007	-1.3822377920150757	9.112000465393066	-1.6260550022125244	3.359205961227417	-0.19339382648468018
9.973052978515625	0.35739922523498535	-6.67767858505249	-4.122376918792725	2.4898760318756104	-4.547938346862793	1.8691297769546509	-5.775876998901367	4.092556476593018	1.3761780261993408
1.1224946975708008	9.942212104797363	-11.058563232421875	-2.516018867492676	-3.9203596115112305	-0.6369916200637817	-4.911202907562256	0.6080472469329834	3.004312753677368	5.783992767333984
-3.255333662033081	-0.24601367115974426	-2.759387731552124	0.9093620181083679	-5.9244303703308105	0.7259935140609741	3.3479185104370117	7.464372634887695	2.2825913429260254	-1.0095570087432861
1.8862810134887695	1.5304548740386963	-0.6220554709434509	-2.15922474861145	7.3825812339782715	-2.8791754245758057	2.475074291229248	-3.8313913345336914	-3.95068097114563	0.8446802496910095
-7.0953049659729	-11.28361988067627	14.82260513305664	2.8492538928985596	-0.7949547171592712	3.463634967803955	8.743011474609375	-1.7236253023147583	-4.392260551452637	-0.2059357762336731
-4.677774429321289	-8.78935432434082	11.353279113769531	1.471353530883789	-0.4730117917060852	1.0940062999725342	9.107954978942871	-1.5173161029815674	-3.0139803886413574	-0.9406145215034485
-0.15646837651729584	4.9789605140686035	-3.732856035232544	-3.1969335079193115	-0.09462858736515045	1.7789783477783203	-2.307105302810669	-4.74208927154541	-3.1458628177642822	10.509902954101562
-3.022678852081299	1.937133550643921	-4.575724124908447	1.0032002925872803	-6.1678595542907715	1.7429428100585938	1.1356043815612793	7.022192001342773	2.8059046268463135	-0.6767427325248718
1.2404195070266724	9.331437110900879	-10.16204833984375	-3.0532565116882324	-3.0276851654052734	-0.8081374764442444	-3.9688568115234375	0.4337749481201172	2.733325719833374	5.015224456787109
-4.336761951446533	-5.950345993041992	3.8079466819763184	13.390494346618652	-3.938655138015747	0.21360468864440918	-1.15339994430542	1.5811879634857178	-8.502857208251953	4.985247611999512
-6.6414875984191895	0.9529041647911072	0.348179429769516	-0.9214048981666565	-5.472668647766113	14.02689266204834	-0.4545736610889435	0.1611987203359604	2.777758836746216	0.3387451767921448
3.475586414337158	1.5900561809539795	-6.938329696655273	-5.283700942993164	-6.597942352294922	1.389710783958435	2.9066553115844727	-4.257967948913574	12.14226245880127	1.7322494983673096
2.5431480407714844	0.5849730372428894	0.031782038509845734	-1.025145411491394	8.8074951171875	-2.0279202461242676	2.3154456615448	-2.0080111026763916	-7.049088001251221	0.39904963970184326
-2.1797573566436768	-1.0055806636810303	-1.0733522176742554	1.0251600742340088	-3.6397864818573	1.5964479446411133	-1.2749605178833008	-1.1025798320770264	-0.6914140582084656	9.036336898803711
-4.402751922607422	-3.553475856781006	3.206263542175293	7.93682861328125	-1.0933897495269775	3.5270793437957764	-1.2857906818389893	3.1925761699676514	-6.1674580574035645	0.8737850785255432
-6.8187689781188965	-6.150294303894043	10.784225463867188	3.723607063293457	0.7225240468978882	2.7932968139648438	4.078110218048096	0.5943750739097595	-6.263799667358398	1.083129644393921
-5.951750755310059	-0.8199425339698792	1.4749414920806885	1.428230881690979	-4.126674175262451	11.74708080291748	-1.6474905014038086	1.291220784187317	0.14913417398929596	0.6150237917900085
-4.8508758544921875	-0.5781870484352112	0.6911408305168152	3.746648073196411	-4.0532379150390625	4.251806259155273	0.3858112096786499	9.588042259216309	-4.250960350036621	-0.7370687127113342
-9.3447265625	-3.021413803100586	3.4428367614746094	2.5917680263519287	-7.11071252822876	15.139154434204102	-1.3737375736236572	2.1974456310272217	0.4923743009567261	3.1146607398986816
-1.5558569431304932	8.692038536071777	-5.770551681518555	-3.6051642894744873	-2.836172580718994	-0.274763286113739	-5.3789753913879395	2.37634539604187	0.7174214124679565	6.191641807556152
-0.4011997580528259	3.9097208976745605	-4.523324012756348	-1.4163049459457397	-1.4755358695983887	2.5055220127105713	-4.397812366485596	-4.169187545776367	0.12140490114688873	9.50170612335205
-3.7255916595458984	-5.271928787231445	2.2444963455200195	9.882524490356445	-0.6444218158721924	2.8121933937072754	-2.1554157733917236	2.2349164485931396	-6.498656749725342	2.191556930541992
2.389763832092285	-4.244112014770508	1.100298523902893	-1.582463264465332	-0.20103970170021057	-0.7315450310707092	10.123529434204102	-1.201684594154358	-0.5205767750740051	0.4599096477031708
-1.0144612789154053	5.809879302978516	-4.478662014007568	-1.3196133375167847	-2.431658983230591	-0.48346441984176636	-4.430095195770264	0.9701640605926514	-0.6503504514694214	7.1629533767700195
3.4358248710632324	0.971180260181427	-6.620893955230713	-5.440074920654297	-6.629863262176514	1.9068443775177002	3.99891996383667	-4.4286651611328125	12.227744102478027	1.554919719696045
-4.800671100616455	-6.299891471862793	3.163940668106079	11.433069229125977	-1.6801592111587524	2.952456474304199	-2.1117310523986816	3.102184295654297	-7.3246026039123535	2.8043432235717773
-0.8310795426368713	8.722929000854492	-6.323397636413574	-4.356632232666016	-2.1551239490509033	1.3383586406707764	-4.343064785003662	0.9087353944778442	1.4747999906539917	5.529404640197754
4.1236748695373535	0.660480797290802	-1.3377270698547363	-1.505183219909668	7.868932247161865	-2.49237322807312	2.920687198638916	-2.1344006061553955	-6.137487888336182	0.90777188539505
-5.562899112701416	-6.297580242156982	4.655398368835449	8.595495223999023	-0.7642723321914673	3.813199043273926	-0.30440235137939453	0.9408582448959351	-5.012617588043213	1.1854581832885742
-2.0666580200195312	7.250596523284912	-5.47068977355957	-5.16508674621582	-4.127654552459717	3.552306890487671	-3.838834762573242	-1.0491280555725098	3.729691743850708	7.743220329284668
-3.023425579071045	-0.020141571760177612	0.32496556639671326	1.0629733800888062	-3.8453569412231445	2.649156093597412	2.379758596420288	7.135944843292236	-2.2239620685577393	-0.3089807629585266
-4.547896862030029	-0.34595873951911926	0.037980951368808746	2.16851806640625	-3.8922247886657715	5.770742416381836	0.89057856798172	8.49609375	-2.9311141967773438	-1.2488791942596436
3.394108533859253	0.6732482314109802	-6.63936710357666	-5.361239910125732	-7.054625034332275	1.7041571140289307	4.144484519958496	-4.384392261505127	12.545578956604004	1.8327841758728027
3.3094983100891113	2.1517598628997803	-7.713789939880371	-6.326285362243652	-7.341164588928223	3.1422908306121826	3.564321517944336	-5.273134708404541	13.85488224029541	1.736645221710205
4.355991840362549	1.8504574298858643	-8.09067440032959	-5.990727424621582	-6.857410430908203	1.8116929531097412	3.1535890102386475	-4.818838596343994	13.371891975402832	1.379842758178711
-5.735771179199219	-4.840935230255127	2.5498697757720947	8.94818115234375	-2.6674578189849854	6.345705032348633	-2.4872803688049316	4.48986291885376	-5.571270942687988	1.467787742614746
-7.194678783416748	-3.272787094116211	2.2310709953308105	3.201700210571289	-4.343952655792236	13.161301612854004	-0.5250852704048157	2.8622214794158936	-1.494499683380127	0.9479517340660095
-7.523682117462158	1.1505534648895264	0.6750359535217285	0.01981179416179657	-6.253349781036377	13.157276153564453	-1.8936846256256104	4.0918660163879395	1.0329489707946777	1.5800096988677979
-9.67121696472168	0.5518473982810974	2.068784713745117	-0.6648882031440735	-6.833812713623047	16.9024600982666	-1.9959146976470947	3.2136764526367188	1.6231924295425415	1.3479664325714111
-4.533587455749512	-4.916953086853027	3.700699806213379	8.011505126953125	-1.6738793849945068	1.8418347835540771	-1.1331210136413574	2.2004425525665283	-5.470022678375244	2.8285295963287354
4.192509651184082	1.6527023315429688	-1.8469072580337524	-1.7114231586456299	8.250741004943848	-2.6787290573120117	2.247220277786255	-1.6867676973342896	-6.867127895355225	1.3258943557739258
2.848130464553833	1.0775123834609985	-0.017940305173397064	-1.4863618612289429	9.252341270446777	-2.1503331661224365	2.5318617820739746	-1.203376293182373	-7.943149089813232	0.16399455070495605
-2.672792911529541	5.324230194091797	-4.096584320068359	-2.1838388442993164	-2.5222043991088867	4.671748161315918	-3.5565648078918457	-1.6199045181274414	0.27931833267211914	7.363533973693848
1.593268632888794	-4.0741143226623535	1.5421206951141357	-1.8870314359664917	-1.2840009927749634	0.6475610733032227	9.981903076171875	-0.4951435327529907	0.2078661173582077	-0.5033551454544067
4.699254989624023	0.5167375802993774	-1.3284404277801514	-1.6044073104858398	8.672232627868652	-2.6255035400390625	3.0636603832244873	-2.0393128395080566	-6.58741569519043	0.24710363149642944
-3.9582762718200684	-4.398109436035156	6.626029014587402	3.1567916870117188	1.0899919271469116	1.3288416862487793	3.43747615814209	0.7397916913032532	-4.7543182373046875	-0.058857738971710205
-6.975522518157959	-2.0790398120880127	2.8997933864593506	1.886288046836853	-4.837713241577148	13.250575065612793	-0.4778839945793152	2.003331422805786	-1.0050158500671387	1.4311637878417969
-8.627342224121094	-0.6494250893592834	1.908536434173584	1.407938838005066	-5.703257083892822	12.98555850982666	-2.0267245769500732	1.226113200187683	1.35659658908844	2.5055205821990967
3.2464964389801025	-4.361578941345215	1.4842703342437744	-1.9497703313827515	2.1214303970336914	-1.1882989406585693	11.342253684997559	-1.674917221069336	-1.7884491682052612	-1.2968263626098633
1.4307537078857422	-4.176013946533203	1.4165276288986206	-2.119290828704834	-1.4285073280334473	0.7339101433753967	10.745500564575195	-0.980456531047821	1.1230709552764893	-0.8792093396186829
3.762218952178955	0.7792781591415405	-0.2571663558483124	-1.7955397367477417	9.698346138000488	-2.3423662185668945	3.396211862564087	-1.3240669965744019	-7.948955059051514	-0.13128381967544556
3.2399935722351074	1.735184669494629	-7.008059501647949	-5.262546539306641	-6.320077419281006	2.126082420349121	2.8949408531188965	-4.39600944519043	11.798529624938965	1.7712130546569824
4.884548187255859	0.675555408000946	-1.6797313690185547	-1.8328343629837036	7.985042095184326	-2.5139858722686768	3.0932607650756836	-2.471689462661743	-5.71422815322876	0.5314674377441406
1.5703113079071045	-5.628819465637207	3.071551561355591	-1.4770538806915283	0.1944255530834198	0.02009528875350952	12.405111312866211	-1.0947699546813965	-1.3400670289993286	-0.8610245585441589
-7.744781494140625	-1.146683931350708	1.5626063346862793	0.6855723261833191	-5.219976425170898	13.951598167419434	-0.23890531063079834	2.365003824234009	1.2636791467666626	-0.1989564299583435
-2.514296770095825	0.6929559111595154	-1.7232234477996826	1.469626784324646	-2.3368520736694336	1.8503296375274658	-4.225039482116699	-2.5860066413879395	-2.1792232990264893	11.270532608032227
-7.441742420196533	-7.910956382751465	12.405016899108887	3.6520094871520996	-0.17144349217414856	3.658698320388794	7.196658611297607	1.2445042133331299	-6.698873996734619	0.9453710913658142
-5.2532854080200195	-7.317018985748291	4.481916427612305	11.232471466064453	-1.9240763187408447	3.0491650104522705	-0.8072519898414612	2.89017653465271	-6.5969438552856445	1.472153663635254
0.4665301442146301	2.450780153274536	-4.136312007904053	-1.6367233991622925	-1.9324196577072144	2.735720157623291	-2.6224570274353027	-3.5279219150543213	1.292641043663025	7.376781940460205
-7.230029582977295	-6.206175804138184	10.077827453613281	3.4250826835632324	0.24130377173423767	4.55538272857666	3.913752555847168	0.00828997790813446	-5.18256139755249	0.8976187109947205
-4.9798054695129395	0.46393564343452454	-0.052101634442806244	4.453531265258789	-3.947746753692627	3.822208881378174	-2.3168649673461914	10.111412048339844	-6.219854831695557	2.3557209968566895
-2.921603202819824	0.4943602681159973	-0.47462305426597595	1.3472832441329956	-0.9262648820877075	3.784227132797241	-2.299215078353882	-1.3008904457092285	-2.6251614093780518	6.107588291168213
1.3843722343444824	-4.422010898590088	3.075399875640869	-1.654871940612793	0.663442850112915	-0.01714944839477539	11.13836669921875	-0.6462055444717407	-1.7520204782485962	-1.5008740425109863
-5.514817714691162	-6.260644435882568	4.180335998535156	9.280698776245117	-1.2550410032272339	4.361781120300293	-1.054962158203125	2.4845001697540283	-6.208377361297607	1.5831763744354248
0.4522128701210022	-2.4113476276397705	-0.1913301646709442	1.8697599172592163	7.592169284820557	2.1604228019714355	5.210368633270264	-4.274683475494385	-3.3282783031463623	-2.5948703289031982
-1.750868558883667	0.6470564007759094	-0.19702377915382385	-1.1309386491775513	-1.8442806005477905	0.8867723941802979	1.427241563796997	-0.5183664560317993	-0.8426673412322998	4.819759845733643
-7.4912285804748535	-5.4514617919921875	11.756135940551758	2.602020263671875	1.4713298082351685	3.835153818130493	4.272706985473633	0.23555348813533783	-6.943768501281738	0.7227279543876648
1.7415621280670166	-4.624370574951172	1.2366408109664917	-1.608131766319275	-1.8916374444961548	-0.3564176559448242	10.365169525146484	-0.7337312698364258	1.2505789995193481	-0.1964389681816101
-5.211450099945068	-6.51689338684082	4.324920654296875	10.046199798583984	-1.297911286354065	2.363938570022583	-1.115344524383545	2.551652431488037	-7.409214019775391	3.8741860389709473
-1.3496308326721191	6.462221145629883	-4.499058723449707	-3.4295687675476074	-0.6643368005752563	1.7982171773910522	-2.084576368331909	0.40696412324905396	-0.19188319146633148	4.228611946105957
3.1116719245910645	1.6430628299713135	-6.49264669418335	-4.990502834320068	-5.820459842681885	1.911644458770752	3.61954402923584	-4.070251941680908	10.77145004272461	1.2072255611419678
-6.707315921783447	-6.2062811851501465	10.959291458129883	2.4684500694274902	0.5033764839172363	2.6585652828216553	6.230889797210693	0.8233298063278198	-6.151960849761963	0.7424299120903015
-5.325557708740234	0.03326845169067383	1.948082685470581	1.9606400728225708	-4.7184858322143555	2.4147400856018066	1.7674715518951416	9.294157028198242	-2.4802963733673096	-0.7683796286582947
-5.3173956871032715	-4.922671794891357	4.826901912689209	7.884139060974121	-0.7537713050842285	4.2061262130737305	-1.2430429458618164	2.946998357772827	-6.71980619430542	1.0769929885864258
-5.675760269165039	-3.9052610397338867	3.933980703353882	8.188424110412598	-1.9308176040649414	2.6853928565979004	-1.8832697868347168	5.21172571182251	-7.284824848175049	2.719752788543701
3.143573760986328	0.551944375038147	-0.73749178647995	-0.7352734208106995	8.750847816467285	-2.474249839782715	2.262289047241211	-1.972050428390503	-7.080978870391846	0.766140341758728
-6.932890892028809	-1.408552646636963	3.6121268272399902	3.2091238498687744	-6.082321643829346	3.2648003101348877	0.09484857320785522	9.560419082641602	-3.461777448654175	2.2052648067474365
-2.6898226737976074	4.8640336990356445	-3.3184523582458496	-1.3101036548614502	-2.1901907920837402	3.411334276199341	-3.661071538925171	-0.9815671443939209	-1.076270341873169	8.044891357421875
-0.2305108904838562	-5.72426700592041	-2.001295566558838	5.916547775268555	9.57911205291748	6.975044250488281	9.841476440429688	-7.021722793579102	-3.268918752670288	-4.031276702880859
-0.06626385450363159	9.835609436035156	-6.624972343444824	-4.912209510803223	-1.6124441623687744	0.7061480283737183	-4.631727695465088	0.35365962982177734	2.1214821338653564	3.856677293777466
-1.7896831035614014	-0.571297824382782	-0.7821372151374817	-0.12810440361499786	-1.6213809251785278	2.3102691173553467	0.011745378375053406	-1.6980347633361816	-0.8618772029876709	6.982391357421875
2.382065773010254	-5.381570816040039	2.978347063064575	-1.7002367973327637	1.210164189338684	-0.9566676020622253	11.940244674682617	-1.04847252368927	-2.2651612758636475	-0.2123621702194214
-4.997843265533447	1.717808485031128	0.2803238332271576	0.3456166386604309	-3.001997470855713	7.830466270446777	-2.335069417953491	1.4390829801559448	-0.6867599487304688	2.1771352291107178
10.806350708007812	0.14879858493804932	-8.682107925415039	-2.807159423828125	1.3699504137039185	-4.049192428588867	3.5302700996398926	-4.61531400680542	3.0901100635528564	1.8851332664489746
-6.769096374511719	-4.79915714263916	10.445215225219727	2.600022315979004	1.8157455921173096	3.9768831729888916	3.9232382774353027	0.23705975711345673	-6.346375942230225	-0.2539747357368469
-3.934464454650879	2.08667254447937	0.12259695678949356	1.1757234334945679	-3.3357789516448975	2.128793954849243	0.12004873156547546	9.682373046875	-4.1335296630859375	-0.3902411460876465
-5.245672702789307	-6.209036827087402	6.017123222351074	7.33365535736084	0.48644110560417175	1.8453763723373413	-0.652105987071991	-1.411393404006958	-5.656224727630615	4.054887294769287
11.078953742980957	-0.9646958708763123	-8.652219772338867	-2.660665988922119	0.7098393440246582	-4.224635124206543	4.574890613555908	-4.911567687988281	3.8422439098358154	1.9232301712036133
11.011764526367188	1.6217565536499023	-9.877851486206055	-2.8275177478790283	1.64512300491333	-4.390620231628418	1.344933032989502	-5.205435752868652	2.7673113346099854	3.5937557220458984
11.574968338012695	0.10392582416534424	-9.308622360229492	-2.7394747734069824	2.1134607791900635	-4.698768615722656	3.1556451320648193	-5.131333351135254	2.8575754165649414	2.390491008758545
-1.832066297531128	-1.5993015766143799	-0.8040686845779419	0.6427093148231506	-2.9933342933654785	2.7410080432891846	0.86510169506073	-2.9414918422698975	-0.42267918586730957	8.17105484008789
-8.098363876342773	-9.437644004821777	5.7493391036987305	13.0991849899292	-3.187655210494995	6.928744316101074	-1.9788539409637451	4.383932590484619	-8.69477653503418	4.18971586227417
-0.9066742062568665	4.849215984344482	-3.8067502975463867	-2.165271520614624	-1.97532320022583	2.1945860385894775	-1.8862624168395996	0.2379646748304367	1.2222212553024292	2.950025796890259
11.727229118347168	-0.7548539042472839	-8.94502067565918	-3.021275043487549	1.3049238920211792	-3.8135719299316406	4.865339756011963	-5.075431823730469	3.8027617931365967	1.2600066661834717
-2.742629051208496	0.9320037961006165	-1.7456015348434448	-0.7183657288551331	-3.6648385524749756	2.0638840198516846	-1.4149956703186035	-0.9737530946731567	0.09796644747257233	9.812078475952148
11.301580429077148	-1.019320011138916	-9.04189682006836	-2.8151416778564453	-0.07415717840194702	-4.197587013244629	5.013699531555176	-4.757125377655029	4.828294277191162	1.539548635482788
-1.5831665992736816	-5.553269863128662	4.934361457824707	-1.2531194686889648	-1.8998583555221558	3.6304638385772705	11.443376541137695	0.514238715171814	-1.1110774278640747	-1.4092698097229004
-0.763846755027771	-4.791884899139404	3.5351526737213135	-0.8549120426177979	-1.319031000137329	0.686654806137085	9.60940933227539	0.011293694376945496	-0.8048102855682373	0.3177066445350647
-0.7088354229927063	-0.302071750164032	-2.149165391921997	1.4791544675827026	-2.2590432167053223	0.1494165062904358	-2.422166347503662	-1.9277909994125366	-1.7063870429992676	9.847513198852539
-4.925364017486572	1.8637645244598389	-0.38884249329566956	1.4780759811401367	-3.622633934020996	5.3938703536987305	-1.3888630867004395	7.836370944976807	-2.201676845550537	-0.9330173134803772
-8.385381698608398	-6.776472568511963	11.73531723022461	4.330519199371338	0.14523157477378845	5.397769927978516	4.233212947845459	0.614604115486145	-6.40161657333374	0.33366626501083374
-5.8848652839660645	-0.07436954975128174	1.6327030658721924	1.7101823091506958	-4.476683139801025	5.25445556640625	1.4260833263397217	7.874077320098877	-2.9333386421203613	0.39335864782333374
-6.686185359954834	-6.436215400695801	10.77918815612793	4.244530200958252	0.02576577663421631	3.0703670978546143	4.510138988494873	1.2279268503189087	-6.316287517547607	0.48646265268325806
-1.5774281024932861	9.075839042663574	-5.674422264099121	-5.52896785736084	-2.460460662841797	3.1589252948760986	-3.733184337615967	0.5128738880157471	3.1618704795837402	3.3392369747161865
11.54903793334961	0.9503938555717468	-9.77481460571289	-2.833148956298828	2.2317070960998535	-4.449907302856445	2.1731276512145996	-5.208550930023193	2.4681618213653564	3.01408052444458
2.2239444255828857	-4.801137924194336	1.6207640171051025	-1.2566415071487427	0.46882960200309753	-0.4413171708583832	9.891687393188477	-0.9981993436813354	-1.1354106664657593	-0.17012685537338257
0.5978803634643555	-2.04331636428833	0.46022287011146545	0.9824197888374329	7.319427013397217	0.8009182214736938	4.614652633666992	-3.897264003753662	-3.7116997241973877	-1.4307057857513428
1.7177150249481201	-4.291468143463135	1.9485089778900146	-1.7642742395401	0.4890039265155792	-0.008870244026184082	10.921929359436035	-0.8617264032363892	-1.0863986015319824	-1.187706470489502
3.3659300804138184	0.9163957238197327	-6.368466377258301	-5.0903401374816895	-6.140205383300781	1.8722370862960815	4.518915176391602	-4.402961730957031	11.12519645690918	1.5507221221923828
4.460677146911621	0.13966792821884155	-1.070922613143921	-1.556632161140442	8.695904731750488	-2.591254711151123	3.70997953414917	-2.322056531906128	-6.483701229095459	0.3157447874546051
3.2098262310028076	1.506511926651001	-0.7911282181739807	-1.399643063545227	9.880247116088867	-2.0755233764648438	1.940819263458252	-1.7604013681411743	-7.9139018058776855	0.30214589834213257
11.372041702270508	3.0848512649536133	-11.26234245300293	-3.4390978813171387	1.9085310697555542	-4.405464172363281	-0.30740028619766235	-5.723089694976807	2.940156936645508	4.782709121704102
11.088436126708984	-0.2366696000099182	-8.68356704711914	-2.6414384841918945	1.907676339149475	-4.207965850830078	3.8729567527770996	-4.882771968841553	2.631385564804077	1.9507782459259033
11.292129516601562	-0.9879750609397888	-8.777790069580078	-2.9226906299591064	0.5485407114028931	-4.075145721435547	4.9892354011535645	-4.791329860687256	4.375911235809326	1.292531967163086
4.022964000701904	0.7341450452804565	-0.9284039735794067	-1.5054535865783691	8.645291328430176	-2.5409367084503174	2.795560359954834	-1.8642231225967407	-7.0890703201293945	0.8028266429901123
3.9763636589050293	0.550604522228241	-7.015143394470215	-5.372568607330322	-7.0634918212890625	1.7222626209259033	4.519845008850098	-4.30377197265625	12.684904098510742	1.2841439247131348
4.114592552185059	0.12331849336624146	-6.415556907653809	-4.396740913391113	-6.4110002517700195	-0.011171817779541016	4.1545491218566895	-3.8067448139190674	10.811663627624512	2.0880582332611084
11.72674560546875	-0.4917903542518616	-9.502696990966797	-2.944584846496582	0.7942745685577393	-4.378949165344238	4.38901424407959	-5.338874340057373	4.2132439613342285	2.2178192138671875
-4.518369197845459	-3.386167049407959	8.532508850097656	0.5535789132118225	2.5071396827697754	1.5969395637512207	5.2337775230407715	0.6817953586578369	-5.957580089569092	-0.7634773254394531
-6.38596248626709	-6.399023056030273	4.404232025146484	10.26114273071289	-3.6456918716430664	2.1956374645233154	-1.585756778717041	6.470950126647949	-7.40841817855835	4.211437702178955
-1.645819902420044	7.88845157623291	-4.589391231536865	-4.968664169311523	-2.9776792526245117	1.6451791524887085	-2.672386884689331	2.222196578979492	2.6362946033477783	2.8068296909332275
0.8200388550758362	-5.232492923736572	3.3610997200012207	-1.4484022855758667	-0.4386129677295685	0.18926101922988892	11.255955696105957	-0.6698082089424133	-1.0281381607055664	-0.3436196446418762
-2.8012211322784424	7.339151859283447	-3.660632848739624	-3.194861888885498	-2.9932467937469482	3.7969775199890137	-2.017390012741089	5.316514492034912	0.06405492126941681	0.5509631633758545
-9.44610595703125	0.678157389163971	2.3073620796203613	-1.1530672311782837	-6.061803817749023	16.087209701538086	-1.3338987827301025	1.7358001470565796	1.6952879428863525	2.0999531745910645
-4.537815570831299	-1.0911016464233398	1.3816423416137695	2.641916275024414	-4.886044502258301	2.0087053775787354	2.753865957260132	11.384422302246094	-3.7024991512298584	-1.2922441959381104
0.6659160256385803	-5.453907012939453	2.858534336090088	-1.149865746498108	-1.0653666257858276	0.2520235776901245	10.792715072631836	-0.19549788534641266	-0.7400457859039307	0.30877751111984253
3.0527477264404297	0.3130508065223694	-6.105749130249023	-5.173410415649414	-6.986972332000732	2.300093173980713	4.802465438842773	-3.8009772300720215	11.712745666503906	1.2826151847839355
0.04606395959854126	0.34379029273986816	-0.8807080984115601	1.6500710248947144	3.8671603202819824	-1.6700249910354614	-2.1174135208129883	-2.0188329219818115	-6.8950114250183105	7.777634620666504
1.960707187652588	-4.682086944580078	1.9274321794509888	-1.8206301927566528	-0.7590291500091553	-0.416046679019928	10.737970352172852	-1.168802261352539	0.26193737983703613	-0.25405776500701904
-4.451594829559326	-3.0149073600769043	0.29721134901046753	8.856385231018066	-2.1834263801574707	4.890756607055664	-2.6554245948791504	3.0862631797790527	-4.182426929473877	0.8323460221290588
-6.811459064483643	-0.0853392481803894	1.8921459913253784	-0.29675203561782837	-3.8267436027526855	12.096671104431152	-1.1573572158813477	1.3054217100143433	0.6152076125144958	0.8770884871482849
-0.5175114274024963	7.966301441192627	-5.973297595977783	-3.870543956756592	-2.3166298866271973	1.748840093612671	-3.4118876457214355	0.43411576747894287	1.2298961877822876	4.9256720542907715
1.9289734363555908	-6.522317886352539	2.3538777828216553	-0.11729364097118378	-0.628430962562561	-0.8032945990562439	10.590784072875977	-1.0394281148910522	-1.3100453615188599	1.6830246448516846
4.25493049621582	1.0926966667175293	-7.560141086578369	-5.766139984130859	-7.159212589263916	2.1681249141693115	4.805721759796143	-4.740500450134277	13.187929153442383	1.032096028327942
-7.460312366485596	-5.844408988952637	10.88104248046875	2.873581886291504	0.12575742602348328	4.195535659790039	4.501262187957764	0.522942304611206	-5.5401177406311035	0.5490824580192566
-4.05772066116333	0.7286641597747803	0.23726728558540344	0.49624812602996826	-4.3024749755859375	3.131150722503662	1.5668003559112549	6.430410861968994	-1.7115485668182373	1.8565149307250977
11.216521263122559	0.10595804452896118	-9.371050834655762	-2.7769267559051514	0.9614299535751343	-4.161911964416504	2.8625781536102295	-5.115926265716553	4.030429363250732	2.2017898559570312
-6.135308742523193	0.32054269313812256	1.3334922790527344	2.3497676849365234	-4.019913196563721	6.169384956359863	-0.5371835827827454	9.351155281066895	-4.124117851257324	0.4321367144584656
3.2032642364501953	-3.037064790725708	-0.5352147817611694	-1.7925903797149658	-0.34346386790275574	-0.9876644611358643	8.228501319885254	-1.3603497743606567	0.5003213286399841	-0.005311399698257446
-1.582401990890503	6.997593879699707	-4.921734809875488	-4.4425177574157715	-2.1633293628692627	3.8917887210845947	-2.1252899169921875	0.20408110320568085	2.2869410514831543	3.4212729930877686
3.508056163787842	0.8619621396064758	-6.46897029876709	-5.47559928894043	-6.3259711265563965	1.825185775756836	5.242781162261963	-4.687962532043457	11.437003135681152	1.4061145782470703
3.393317937850952	-4.878956317901611	0.5786035656929016	-1.9366681575775146	-0.1269247829914093	-0.3676900863647461	12.062158584594727	-1.823926329612732	0.09329928457736969	-0.41934436559677124
-3.841869354248047	0.7839924693107605	0.7328038811683655	2.5355701446533203	-2.3848876953125	2.833078622817993	0.6179320812225342	8.720680236816406	-4.959352016448975	-1.1329903602600098
-5.658545017242432	-5.942312717437744	3.508025884628296	9.159326553344727	-2.3550238609313965	3.0070579051971436	-0.7286661863327026	3.8616220951080322	-6.52331018447876	3.0881617069244385
-6.131649494171143	-6.472234725952148	6.306679725646973	8.265363693237305	-2.528106212615967	3.6901438236236572	0.4801519513130188	2.964334487915039	-5.668603420257568	1.578399658203125
4.337449550628662	2.431819200515747	-8.206256866455078	-5.837747097015381	-6.649716377258301	0.7820006012916565	2.492597818374634	-5.5405707359313965	12.898648262023926	2.9896063804626465
3.6874756813049316	1.0085999965667725	-0.7379351854324341	-1.2904082536697388	10.03083324432373	-2.36240816116333	2.667772054672241	-1.894412636756897	-8.167860984802246	0.41119909286499023
-6.715728759765625	-7.45438814163208	11.740510940551758	1.8009443283081055	0.1954955756664276	4.286083221435547	9.655077934265137	1.2150678634643555	-6.064457416534424	-0.6973389983177185
-3.7103500366210938	1.6816916465759277	-0.5523195862770081	1.4754226207733154	-2.975740432739258	1.8716678619384766	-1.6842682361602783	7.817836284637451	-2.6293842792510986	0.6950259804725647
4.044145107269287	0.818473756313324	-7.127384185791016	-4.9490838050842285	-6.493917942047119	0.8066835403442383	3.96268892288208	-4.232962131500244	11.906353950500488	1.5733428001403809
-4.340458393096924	0.3657371997833252	0.12312159687280655	2.673921585083008	-3.676180839538574	2.853508949279785	-1.148343801498413	7.576562404632568	-2.9233815670013428	0.8939304947853088
3.2806267738342285	1.0090957880020142	0.1732972264289856	-1.6376453638076782	9.664557456970215	-2.1726667881011963	3.102943181991577	-1.1772016286849976	-8.157275199890137	-0.29675257205963135
-7.274008750915527	-5.156913757324219	12.255539894104004	2.20676851272583	2.3166213035583496	3.1560957431793213	4.7034525871276855	0.3307393789291382	-7.15512228012085	0.19528836011886597
4.322362422943115	0.36573922634124756	-1.0983177423477173	-1.3359125852584839	8.711404800415039	-2.740281581878662	2.9241151809692383	-2.1384687423706055	-6.818404674530029	0.7504093050956726
11.457252502441406	-1.1730287075042725	-9.103537559509277	-2.7113232612609863	0.125179260969162	-4.404401779174805	4.927585124969482	-4.907242298126221	4.397552490234375	2.2554574012756348
2.8301310539245605	1.22446608543396	-6.526887893676758	-5.413137435913086	-6.854128837585449	2.260920524597168	3.570382595062256	-3.9844210147857666	12.242354393005371	1.4486711025238037
0.558320939540863	7.134357929229736	-6.876399517059326	-4.492825508117676	-3.8592300415039062	-0.20010679960250854	-3.1989352703094482	-0.09658361971378326	5.17045783996582	4.430975914001465
-7.64036226272583	-6.162065505981445	12.163896560668945	2.6516706943511963	1.3067058324813843	4.350790977478027	5.30954647064209	1.0174293518066406	-7.321176528930664	0.6726660132408142
3.660154342651367	0.8995764255523682	-0.3731963336467743	-1.4829609394073486	9.312774658203125	-2.422182083129883	3.1024727821350098	-1.3626378774642944	-7.887527942657471	0.1714540719985962
3.64237904548645	0.7829779386520386	-1.0391137599945068	-1.374749779701233	7.925854206085205	-2.2853798866271973	2.2908692359924316	-1.8878692388534546	-6.334572792053223	0.8909435868263245
-0.5875120162963867	1.2530772686004639	-1.2451798915863037	-0.4912269711494446	0.3739677369594574	-0.014203429222106934	-0.7719621062278748	-1.3464734554290771	-2.1586146354675293	5.554322242736816
11.284895896911621	1.6413004398345947	-10.066951751708984	-3.113522529602051	1.8964260816574097	-4.399473190307617	1.5994319915771484	-5.328651428222656	2.663043737411499	3.694859266281128
-0.6266281008720398	4.961193561553955	-4.580464839935303	-2.6033124923706055	-2.7361738681793213	0.7193616628646851	-2.768515110015869	-0.504063069820404	1.6264477968215942	6.095451831817627
2.536064386367798	-3.988710880279541	0.9790216684341431	-1.8079804182052612	-0.15867450833320618	-0.8698214292526245	10.517495155334473	-1.3716806173324585	0.035010889172554016	-0.511128306388855
-1.434438943862915	1.505244255065918	-1.221574068069458	-0.6749696135520935	-0.07580119371414185	1.2735211849212646	-1.5035617351531982	-2.06225323677063	-1.6225440502166748	6.307973861694336
3.6836085319519043	1.2650578022003174	-0.6769512891769409	-1.3469973802566528	9.964743614196777	-2.621138572692871	2.367833137512207	-1.8783303499221802	-8.318625450134277	0.6164408326148987
-7.281126499176025	1.16544771194458	1.064681053161621	0.8597761988639832	-4.350096225738525	11.667272567749023	-3.135869264602661	2.3958165645599365	-1.4005886316299438	3.7528650760650635
-3.9932312965393066	-4.086448669433594	1.830390214920044	7.25437068939209	-2.0266034603118896	3.4550411701202393	-0.9162970185279846	4.266980171203613	-4.844316005706787	0.841613233089447
3.655548095703125	0.9257602095603943	-6.437090873718262	-4.637290000915527	-6.087703227996826	-0.3024314045906067	3.778139352798462	-3.6331374645233154	10.558619499206543	2.388392210006714
-7.341599464416504	-6.567789077758789	3.1822330951690674	9.894540786743164	-4.633780479431152	6.573969841003418	-0.09549671411514282	8.521580696105957	-6.2427659034729	0.9478077292442322
11.898170471191406	-0.246385395526886	-9.676179885864258	-2.8536860942840576	0.9897600412368774	-4.490289688110352	4.052786350250244	-5.195046901702881	3.9127542972564697	2.1467370986938477
2.6714563369750977	0.584222674369812	-0.6479943990707397	-0.7945206761360168	8.608527183532715	-2.1241559982299805	1.9391789436340332	-2.1717092990875244	-6.534333229064941	0.5163637399673462
-0.7511171698570251	9.939848899841309	-6.037607192993164	-5.590547561645508	-1.8175938129425049	1.3916707038879395	-3.365844488143921	1.472185492515564	1.8958481550216675	2.934300422668457
-3.5988874435424805	-2.0829172134399414	1.4088103771209717	1.4867037534713745	-3.7126317024230957	3.753995895385742	4.79416561126709	6.946763038635254	-2.6614990234375	-0.5965145230293274
-7.693299293518066	-6.211127281188965	10.195758819580078	4.283942222595215	-0.6020765900611877	4.942880630493164	2.7645208835601807	0.5265375375747681	-5.2244391441345215	1.3326225280761719
-3.2524566650390625	1.9618604183197021	-2.3096861839294434	0.1924446076154709	-2.726177453994751	4.141626358032227	-3.974827766418457	-0.8033225536346436	-1.7471119165420532	9.47281551361084
10.624761581420898	-1.7585666179656982	-8.097196578979492	-2.8377320766448975	-0.28395313024520874	-3.550234317779541	6.403334617614746	-4.96570348739624	4.796667098999023	1.3624553680419922
3.9688334465026855	1.5681531429290771	-7.639850616455078	-5.957104682922363	-6.939128398895264	2.0315561294555664	3.9871826171875	-4.583831787109375	13.047874450683594	1.3771767616271973
2.8465142250061035	0.7874295115470886	-0.12428700178861618	-1.209364414215088	9.154231071472168	-2.154745578765869	2.3186521530151367	-1.682315468788147	-7.6736063957214355	0.6871574521064758
0.5999374985694885	-4.098788261413574	2.7411935329437256	-1.4806287288665771	-0.3111521899700165	0.02163812518119812	9.513200759887695	-0.459325909614563	-1.3358533382415771	0.48206254839897156
-0.9631200432777405	1.0243786573410034	-2.111734390258789	-0.9671222567558289	-1.8692582845687866	2.945965051651001	-0.90495765209198	-2.7290146350860596	1.3776609897613525	5.024670600891113
-8.20186710357666	0.9366084933280945	2.021479845046997	1.6239157915115356	-4.954314708709717	8.130793571472168	-1.0468287467956543	8.505308151245117	-3.356544017791748	1.2316358089447021
-4.251792907714844	-4.091630458831787	8.888246536254883	0.5089085698127747	2.1664280891418457	0.68397057056427	6.293047904968262	0.4221078157424927	-5.943689823150635	0.4486963152885437
11.102644920349121	-0.42897891998291016	-9.110396385192871	-2.9911210536956787	0.25916263461112976	-3.9140446186065674	4.0546345710754395	-5.28002405166626	4.711390972137451	2.1181886196136475
4.022834300994873	1.4681239128112793	-7.333608627319336	-5.557259559631348	-6.554771900177002	1.2949140071868896	4.1483941078186035	-4.616701126098633	12.586260795593262	0.9847155213356018
11.491605758666992	-0.7391900420188904	-9.060273170471191	-2.8926446437835693	0.7641767263412476	-4.141847610473633	4.811192035675049	-4.9145073890686035	4.010135650634766	1.770209550857544
-0.3296937346458435	0.3406307101249695	-2.676025390625	0.20251841843128204	-1.7497845888137817	1.2706365585327148	-2.068142890930176	-3.809386968612671	-0.24181227385997772	8.977880477905273
-5.879690647125244	-6.482079982757568	10.659562110900879	3.089228630065918	2.006089925765991	1.7617028951644897	5.7534050941467285	0.24091915786266327	-6.883406639099121	0.7852008938789368
-7.675796985626221	-6.276738166809082	12.137646675109863	2.280846357345581	-0.5256136655807495	5.003434181213379	5.8442769050598145	1.5643470287322998	-5.7096943855285645	0.048523128032684326
-7.90462589263916	-8.20305061340332	11.74045467376709	3.881032943725586	-0.4814552366733551	5.109864234924316	7.162882328033447	0.8548181056976318	-6.218147277832031	0.6472188830375671
2.5068254470825195	-3.0007028579711914	-0.1476215422153473	-1.6396838426589966	-0.8286384344100952	-0.7547923922538757	7.902711391448975	-1.5169254541397095	1.1721715927124023	-0.03808149695396423
10.831247329711914	1.2133491039276123	-9.326457977294922	-2.8145155906677246	2.2114510536193848	-4.115124225616455	1.8068945407867432	-4.914566516876221	2.3000569343566895	2.8746261596679688
1.312093734741211	4.72152853012085	-4.276699542999268	-1.925024390220642	2.750873565673828	0.03880971670150757	-2.563148260116577	-2.1625969409942627	-3.3685386180877686	6.396113872528076
-2.047682523727417	1.242964267730713	-0.5903785228729248	-0.5971022248268127	-2.936084747314453	1.099705457687378	0.2743954658508301	-0.10837222635746002	-0.797450602054596	6.892714500427246
-5.237881660461426	-6.910516738891602	4.549862384796143	9.934453964233398	-2.110933542251587	2.587114095687866	-0.6352435946464539	2.6749212741851807	-5.663116931915283	2.1344242095947266
-9.331128120422363	-7.347740173339844	14.306770324707031	3.059777021408081	0.05067119002342224	5.249497413635254	5.657774448394775	1.2942886352539062	-7.942023754119873	2.071983575820923
11.280174255371094	-0.07690954208374023	-9.355080604553223	-2.5906405448913574	0.7699011564254761	-4.749538421630859	3.692230463027954	-4.738838195800781	3.581186532974243	2.5214779376983643
-1.9045872688293457	5.5500288009643555	-3.6543383598327637	-3.9849705696105957	-2.389604330062866	4.63087272644043	-2.3646559715270996	-0.931820273399353	2.784419536590576	3.1469266414642334
-9.429043769836426	-6.6503376960754395	13.078365325927734	3.8074426651000977	-0.7711114883422852	5.820428848266602	4.182204246520996	1.9709511995315552	-6.8933000564575195	0.5516623854637146
3.2142910957336426	-5.018800258636475	0.8069987893104553	-1.3399769067764282	0.6754246950149536	-1.5152196884155273	10.831134796142578	-1.6024192571640015	-0.848792314529419	0.6340832114219666
11.565078735351562	-1.1278743743896484	-9.20924186706543	-2.7126941680908203	0.41188421845436096	-4.204017639160156	5.034181118011475	-5.120762825012207	4.401096343994141	1.8655457496643066
-0.38945746421813965	9.174373626708984	-7.196698188781738	-5.229790687561035	-3.4456305503845215	3.3664023876190186	-4.008018970489502	-0.7253963947296143	4.148854732513428	4.921525001525879
-4.131654739379883	-1.4613430500030518	0.5949656963348389	4.337749004364014	-3.5652620792388916	2.32188081741333	1.3578863143920898	8.71264362335205	-5.03364896774292	0.7838224768638611
2.7259788513183594	0.3855770230293274	-0.6921608448028564	-0.5324687361717224	8.761412620544434	-2.286848545074463	2.077636957168579	-2.525080442428589	-6.635120868682861	0.784941554069519
-7.977250576019287	-7.686626434326172	12.094552993774414	5.193546772003174	0.9285181760787964	2.8837597370147705	4.017410755157471	0.968063473701477	-7.574256896972656	2.295245409011841
-7.741168975830078	-7.318087577819824	12.597647666931152	3.7983808517456055	0.3215819299221039	3.23071551322937	6.00571346282959	1.2406201362609863	-7.422352313995361	1.1712586879730225
-0.7735547423362732	1.2089307308197021	-2.0092971324920654	-0.2755934000015259	-0.8873125314712524	1.2879106998443604	-2.4282965660095215	-3.556442975997925	-0.7540391683578491	8.120369911193848
-4.026758670806885	0.19763123989105225	0.3558751046657562	-0.5634618997573853	-3.9101452827453613	6.335031509399414	3.2377333641052246	7.530094146728516	-1.509812355041504	-2.053680658340454
-1.0852720737457275	9.836609840393066	-6.414224147796631	-5.144680023193359	-2.315056324005127	3.590217351913452	-4.471523284912109	0.6356629133224487	2.4403722286224365	3.4651029109954834
-5.003171920776367	-5.473810195922852	2.7413837909698486	10.307374954223633	-0.7447073459625244	4.77049446105957	-2.0576272010803223	4.366942882537842	-7.477616786956787	1.0133988857269287
