-4.954049587249756	-6.702963829040527	5.016471862792969	4.306760311126709	-2.6386096477508545	13.221845626831055	-5.288865089416504	0.9743105173110962	-3.602200508117676	5.171031475067139
2.8731906414031982	4.366695880889893	-11.762690544128418	-13.362358093261719	3.6833152770996094	-5.287309646606445	3.08978271484375	-7.601789951324463	14.880465507507324	4.156546592712402
2.665881633758545	-1.855541706085205	-0.08323778212070465	-3.3052761554718018	7.985982894897461	-3.311915159225464	2.0905025005340576	-1.4885491132736206	0.5288222432136536	-2.3896970748901367
-0.04314013943076134	5.9999847412109375	-8.662269592285156	-4.600700855255127	-3.868366241455078	1.8319811820983887	-2.884997844696045	2.5919618606567383	-0.37263691425323486	9.260553359985352
-7.107707500457764	-4.278717517852783	6.875715732574463	16.025747299194336	-4.175037384033203	4.963103771209717	-3.6867120265960693	10.738585472106934	-10.902460098266602	-1.9695682525634766
-6.227257251739502	-8.508353233337402	11.811018943786621	7.863199234008789	3.014456033706665	4.7723894119262695	1.061341404914856	3.595494270324707	-5.943243503570557	-5.277280807495117
-5.254218101501465	-6.695929050445557	5.2097554206848145	5.024242877960205	-2.926454544067383	13.03450870513916	-5.282938003540039	1.537187933921814	-4.09528112411499	4.908453941345215
-4.677295207977295	3.739809989929199	0.8753984570503235	4.138792037963867	-1.9777635335922241	-3.574857473373413	2.758333206176758	10.870441436767578	-8.244562149047852	-2.626359462738037
-5.131706714630127	-6.785958766937256	5.220505237579346	4.556439399719238	-2.653658628463745	13.276222229003906	-5.306573390960693	1.1087205410003662	-3.7278053760528564	5.003557205200195
0.01576918736100197	12.66723918914795	-11.55598258972168	-7.315786361694336	-3.50948166847229	-7.003367900848389	2.47951602935791	7.113857746124268	-1.7974084615707397	5.392230033874512
0.17090827226638794	5.963977813720703	-8.891377449035645	-5.027476787567139	-3.5140554904937744	1.5858478546142578	-2.800614833831787	2.09601092338562	0.29348140954971313	9.293130874633789
-6.799580097198486	-3.5808911323547363	6.0322794914245605	15.184175491333008	-4.032012939453125	4.255365371704102	-3.4052350521087646	10.594683647155762	-10.271220207214355	-1.8211109638214111
-1.9489330053329468	4.475954532623291	-3.301069736480713	-7.633745193481445	3.5354084968566895	-5.872702121734619	7.59063720703125	2.360067844390869	0.42742642760276794	-0.7194995284080505
0.5610422492027283	11.421513557434082	-11.7273530960083	-7.943384170532227	-3.2413458824157715	-5.46728515625	1.4076671600341797	5.009720802307129	-0.24555951356887817	6.676207542419434
3.386564254760742	3.273326873779297	-10.212274551391602	-11.756847381591797	4.166590213775635	-5.041040420532227	2.6567797660827637	-6.8793044090271	13.0443696975708	3.0504679679870605
-8.134700775146484	-5.45302152633667	7.6723246574401855	19.512901306152344	-5.305016994476318	7.295725345611572	-5.515385150909424	11.414054870605469	-12.13759994506836	-1.5973262786865234
-0.9221417307853699	13.937369346618652	-10.867354393005371	-8.600334167480469	-2.646730422973633	-9.707344055175781	5.515555381774902	8.799558639526367	-2.7500736713409424	3.409508228302002
1.3737963438034058	1.030977725982666	-2.2618467807769775	-5.662445068359375	5.9346513748168945	-4.286917209625244	4.218267440795898	-0.4667394757270813	0.9573357701301575	-0.9666334986686707
-6.935693740844727	-3.875515937805176	6.425085544586182	14.449522018432617	-3.688936471939087	4.535529613494873	-3.0135655403137207	10.088071823120117	-10.134693145751953	-1.9568850994110107
-0.24352103471755981	13.96746826171875	-12.43518352508545	-7.934200763702393	-4.1045050621032715	-7.9725117683410645	3.042126417160034	8.014955520629883	-1.9191898107528687	5.564320087432861
-4.883704662322998	2.395859718322754	1.4437333345413208	5.77396821975708	-2.5844006538391113	-1.8771076202392578	1.246191382408142	10.700969696044922	-8.379400253295898	-1.6721794605255127
-4.25669527053833	4.3727216720581055	-0.1767227202653885	3.5634021759033203	-2.405390501022339	-3.6449050903320312	2.3649163246154785	10.897439956665039	-7.905453681945801	-1.4484474658966064
2.390869617462158	3.526762008666992	-10.389180183410645	-12.427541732788086	3.6505441665649414	-4.45942497253418	2.917724132537842	-7.34232234954834	13.976401329040527	3.673778772354126
2.028548240661621	4.000531196594238	-10.723810195922852	-12.679903984069824	3.0134809017181396	-3.8905422687530518	2.683274745941162	-7.058831214904785	13.701772689819336	4.529974460601807
2.95137619972229	3.719221353530884	-10.732945442199707	-12.19802474975586	3.839142084121704	-5.2406110763549805	2.963461399078369	-7.039822578430176	13.735647201538086	3.29875111579895
-7.202503204345703	-4.623589992523193	6.695760726928711	16.780956268310547	-4.620194435119629	5.938149452209473	-4.509307384490967	10.402619361877441	-10.703695297241211	-1.5199928283691406
-3.8949685096740723	-4.294990539550781	2.0302743911743164	2.4712605476379395	-3.338379144668579	11.905109405517578	-5.509015083312988	1.0263373851776123	-2.914848804473877	6.865586280822754
-3.481555700302124	-2.854862689971924	0.7526944875717163	1.569406509399414	-3.2888095378875732	10.048049926757812	-4.824943542480469	1.5507735013961792	-2.6524553298950195	6.913155555725098
-3.9555485248565674	-4.369049549102783	2.6931588649749756	2.4128029346466064	-2.5629725456237793	10.802465438842773	-4.691649436950684	1.0471644401550293	-2.986584186553955	5.719350814819336
-6.722585201263428	-4.304551124572754	6.029103755950928	16.669639587402344	-4.506765365600586	5.431870937347412	-4.610340118408203	10.506603240966797	-10.463603019714355	-1.036191701889038
2.126375198364258	-0.34703847765922546	-2.137474775314331	-5.408715724945068	7.22759485244751	-3.74167537689209	2.895751476287842	-1.8795288801193237	2.2613282203674316	-1.0882387161254883
2.1305034160614014	-0.7729707956314087	-0.6555187702178955	-4.038382053375244	7.323314189910889	-3.6616196632385254	3.0955443382263184	-0.6748727560043335	-0.13425889611244202	-1.7933683395385742
-0.2112254798412323	4.942885875701904	-8.581832885742188	-5.80072021484375	-3.643603801727295	3.593001365661621	-3.2532310485839844	0.781989574432373	1.399425983428955	10.517029762268066
-2.0210633277893066	3.6880905628204346	-1.3325926065444946	-6.058467388153076	3.9614522457122803	-6.393672943115234	8.040584564208984	3.562650203704834	-1.2763526439666748	-2.5047950744628906
1.1746770143508911	-0.353569895029068	-1.7920597791671753	-5.503098487854004	6.81864595413208	-3.5634775161743164	3.5476698875427246	-1.8737105131149292	2.7574961185455322	-1.2808785438537598
-5.473991870880127	-7.846689224243164	10.22332763671875	5.335410118103027	2.768073797225952	5.584982872009277	0.6183635592460632	2.4253904819488525	-4.531503200531006	-3.4528777599334717
-4.505003929138184	-5.628498554229736	3.5138232707977295	3.572883367538452	-3.1815311908721924	12.840751647949219	-5.603981018066406	0.9796234965324402	-3.2271664142608643	6.140727996826172
-4.377249240875244	-5.426999568939209	3.2224857807159424	2.994668960571289	-3.0773684978485107	13.164262771606445	-5.6537017822265625	0.7531067132949829	-3.046278476715088	6.620230674743652
-1.9769560098648071	1.1157130002975464	0.6118812561035156	-4.575913429260254	5.998691558837891	-5.9720869064331055	7.853592872619629	2.6851022243499756	-1.2739191055297852	-3.9468302726745605
-3.3585662841796875	2.7411587238311768	0.9093092083930969	-5.551966190338135	5.706570148468018	-7.6676025390625	10.265403747558594	4.38545560836792	-2.109666347503662	-4.987051963806152
0.5989563465118408	-0.8732717633247375	0.5385544300079346	-4.1010589599609375	7.821167945861816	-4.289731502532959	4.86006498336792	-0.13637712597846985	-0.26716896891593933	-3.242466926574707
3.0007810592651367	3.5482888221740723	-10.619386672973633	-12.162273406982422	3.9431440830230713	-5.011875152587891	2.8512344360351562	-7.167081832885742	13.802459716796875	3.398820638656616
1.9657803773880005	0.7260671257972717	-2.9625957012176514	-5.571974754333496	5.9574689865112305	-3.7032036781311035	2.9889400005340576	-1.3393653631210327	2.0625417232513428	-0.2606160640716553
-2.6805877685546875	3.655153274536133	-0.33733445405960083	-6.078615188598633	5.271808624267578	-8.170954704284668	10.109259605407715	4.40992546081543	-1.9903632402420044	-4.3967366218566895
-4.4053778648376465	-5.330545902252197	3.0893826484680176	3.1803412437438965	-3.4079906940460205	13.042957305908203	-5.738295555114746	0.9612904191017151	-3.167464256286621	6.738772392272949
-0.040349747985601425	6.344314098358154	-9.629193305969238	-3.801877021789551	-4.77681827545166	2.370352268218994	-3.8948872089385986	2.7523694038391113	-0.33340543508529663	10.371320724487305
-6.261707782745361	-8.179505348205566	11.874499320983887	6.082244396209717	4.007366180419922	3.980250835418701	2.2678847312927246	2.9906835556030273	-5.074947834014893	-5.735335350036621
-6.71854829788208	-3.6511645317077637	5.684896945953369	15.609127044677734	-4.240000247955322	4.760272026062012	-3.9916000366210938	10.556366920471191	-10.319477081298828	-1.3904995918273926
-0.5008887052536011	4.2033586502075195	-7.934953212738037	-4.673933982849121	-4.34523868560791	5.112287521362305	-4.1976494789123535	0.9503059983253479	0.5188197493553162	10.98015308380127
-6.482437610626221	-9.513160705566406	11.726003646850586	8.03822135925293	1.6991878747940063	8.3922119140625	-1.3307130336761475	2.4326975345611572	-5.341597557067871	-2.944797992706299
-4.792048931121826	3.3658576011657715	0.8953814506530762	4.763887405395508	-2.2478246688842773	-2.8547449111938477	2.1243085861206055	10.883260726928711	-8.376045227050781	-2.0380892753601074
-0.5129198431968689	3.232287883758545	-6.923279285430908	-3.172189235687256	-4.214564800262451	5.517461776733398	-4.596744537353516	1.4525890350341797	-0.28299424052238464	10.398289680480957
-3.6723814010620117	2.579103946685791	2.009582757949829	-4.625542640686035	6.211763381958008	-8.457565307617188	11.010735511779785	5.400319576263428	-3.3954734802246094	-6.326663494110107
-6.617766857147217	-3.3894145488739014	5.588531970977783	15.59783935546875	-4.199296474456787	4.2013840675354	-3.7279419898986816	10.85235595703125	-10.183499336242676	-1.5364558696746826
3.25193452835083	-3.814002513885498	2.0136210918426514	-1.725525140762329	11.006834983825684	-3.826524496078491	2.1922483444213867	-1.7686583995819092	-1.282071590423584	-4.200842380523682
-0.2039128541946411	5.593333721160889	-8.801848411560059	-4.833695411682129	-3.7883055210113525	2.3771228790283203	-2.9627633094787598	2.2713027000427246	0.11937826126813889	9.871161460876465
-6.064598560333252	-8.463103294372559	11.206127166748047	6.489492416381836	3.441099166870117	5.14100456237793	1.0254058837890625	2.9706034660339355	-5.105238914489746	-4.621407508850098
-2.6312828063964844	3.2689642906188965	0.03346143662929535	-5.119968891143799	4.671552658081055	-7.13301944732666	8.94992733001709	4.708529949188232	-2.7601754665374756	-3.9258909225463867
-6.505650043487549	-3.7350049018859863	5.58316707611084	14.637922286987305	-3.8828847408294678	4.7720184326171875	-3.743824005126953	9.97707748413086	-9.705755233764648	-1.2281091213226318
-0.22605907917022705	13.955059051513672	-13.168595314025879	-8.40928840637207	-4.038020133972168	-7.250898838043213	2.5676732063293457	6.985160827636719	-0.8500171303749084	6.610813617706299
2.330904245376587	3.77752685546875	-10.386385917663574	-12.13512134552002	3.006105899810791	-3.7119765281677246	2.3443856239318848	-6.716884613037109	12.954862594604492	4.42678165435791
-5.86287260055542	-5.784048080444336	10.147143363952637	4.828830718994141	4.128179550170898	0.9363179206848145	4.1914520263671875	4.468051433563232	-5.74826192855835	-6.220006942749023
-5.115940570831299	1.5137492418289185	2.5737006664276123	6.531854152679443	-2.119715452194214	-1.629729986190796	1.472849726676941	10.471918106079102	-8.511665344238281	-2.587371826171875
-7.334686279296875	-4.645418643951416	7.422685146331787	16.911949157714844	-4.370404243469238	5.350916862487793	-3.925034523010254	10.950427055358887	-11.297280311584473	-2.1840553283691406
-6.971889019012451	-4.278266429901123	7.306957721710205	15.319864273071289	-3.458014726638794	4.107038497924805	-2.8640785217285156	10.445554733276367	-10.6140718460083	-2.817214012145996
3.2923126220703125	-1.1991093158721924	-1.0777169466018677	-3.761357307434082	7.457697868347168	-3.2362210750579834	1.5976653099060059	-1.5932245254516602	0.6177271604537964	-1.4835920333862305
-5.164927005767822	4.072098731994629	1.1365479230880737	5.100923538208008	-2.340688467025757	-4.012603282928467	2.9147226810455322	12.135455131530762	-8.989768028259277	-2.966463565826416
0.10307042300701141	5.660161972045898	-9.132999420166016	-5.576290130615234	-3.6144044399261475	2.5948657989501953	-3.111994504928589	1.2744203805923462	0.9717945456504822	10.21578598022461
3.9927144050598145	-3.161026954650879	1.161041021347046	-1.437180519104004	10.069266319274902	-3.6778106689453125	1.556685447692871	-1.9485751390457153	-1.1241211891174316	-3.4954452514648438
-0.07526981830596924	14.15446949005127	-12.24563980102539	-8.491581916809082	-3.342743396759033	-8.942501068115234	3.976083755493164	7.786668300628662	-1.6109795570373535	4.563251972198486
-1.0288773775100708	3.3854920864105225	-5.878790378570557	-3.4671101570129395	-3.7436959743499756	4.39100980758667	-3.286870002746582	2.157858371734619	-0.8931082487106323	8.990589141845703
-2.974933624267578	1.1462106704711914	1.5894771814346313	-4.14048433303833	5.561441898345947	-5.576251983642578	8.254132270812988	3.4586844444274902	-2.092534065246582	-4.225900650024414
-3.4343113899230957	-3.5969667434692383	1.0053038597106934	1.1382694244384766	-3.200971841812134	11.518882751464844	-5.219292640686035	0.8500440120697021	-2.2700257301330566	7.542810440063477
9.993881225585938	1.8847100734710693	-7.772390842437744	-6.498624801635742	5.31740665435791	-5.424201488494873	-2.093543291091919	-3.7007603645324707	4.538690567016602	1.213881015777588
-5.777770519256592	-7.861456394195557	10.889447212219238	6.753520965576172	2.6540687084198	4.80198860168457	0.8175594210624695	3.366605281829834	-5.360527515411377	-4.420910835266113
-4.774181842803955	3.6011438369750977	0.9817366600036621	4.286852836608887	-2.042628526687622	-3.4906225204467773	2.5850846767425537	11.170785903930664	-8.338201522827148	-2.2922849655151367
-6.814199924468994	-5.106428146362305	6.155331611633301	16.20806121826172	-4.371570110321045	7.027848720550537	-5.127045631408691	9.452524185180664	-10.012837409973145	-0.4472787380218506
9.660947799682617	2.32127046585083	-8.607297897338867	-6.940091609954834	4.99948787689209	-5.567034721374512	-1.892362356185913	-3.880948066711426	5.379169940948486	1.7218279838562012
10.332620620727539	0.5773220658302307	-6.264914035797119	-5.207754135131836	6.4804887771606445	-5.288290977478027	-2.180959701538086	-3.304154396057129	2.760890007019043	0.35046130418777466
9.369356155395508	1.512986660003662	-7.747310161590576	-6.626819133758545	5.902205944061279	-5.504495620727539	-1.617492914199829	-3.8929901123046875	4.802781581878662	1.3161036968231201
-0.4852377772331238	5.01665735244751	-7.453999042510986	-3.839635133743286	-3.740701198577881	2.5806376934051514	-2.918926239013672	2.904573440551758	-0.8753623962402344	8.89857006072998
-7.482743740081787	-5.162959098815918	7.232238292694092	17.67428970336914	-4.7361955642700195	6.500930309295654	-4.8203511238098145	10.61739730834961	-11.17396354675293	-1.4208037853240967
0.1408766806125641	6.464558124542236	-9.67943286895752	-4.855340003967285	-3.8127880096435547	1.2887370586395264	-2.879347801208496	2.4579758644104004	0.2977692484855652	9.82521915435791
7.387890338897705	1.6497215032577515	-7.8503241539001465	-7.467164039611816	5.3356146812438965	-4.970756530761719	-0.6667479872703552	-4.354960918426514	6.2819719314575195	1.8151190280914307
-0.8295608758926392	4.655540466308594	-7.575039863586426	-4.014370441436768	-3.9899981021881104	3.305655002593994	-3.09116268157959	2.210360050201416	-0.2640749514102936	9.427006721496582
10.175745964050293	1.9506440162658691	-7.7363786697387695	-6.350001811981201	5.317656993865967	-5.5196380615234375	-2.1458537578582764	-3.427987575531006	4.097139835357666	1.2199430465698242
-3.5155911445617676	0.8774098753929138	3.2052829265594482	-2.681007146835327	5.678916931152344	-6.323148250579834	8.820955276489258	4.851306438446045	-3.693187713623047	-5.852201461791992
-3.845266103744507	3.870399236679077	1.2770754098892212	-4.61298942565918	4.5331597328186035	-8.10661506652832	10.538719177246094	6.395059108734131	-4.1714043617248535	-5.307322025299072
-0.1798979938030243	5.413041591644287	-7.950687885284424	-3.355402946472168	-3.357455015182495	1.238377571105957	-2.5769312381744385	3.341707229614258	-1.0227054357528687	8.155043601989746
-4.667342662811279	2.4118456840515137	1.3597017526626587	5.5163493156433105	-2.4580800533294678	-1.8227554559707642	1.179347038269043	10.440482139587402	-8.06452751159668	-1.594543218612671
-5.934694290161133	-6.755818843841553	11.020087242126465	7.638277053833008	3.155470609664917	2.1565940380096436	2.417067527770996	4.9683661460876465	-6.8691911697387695	-6.163444519042969
-4.337718963623047	3.6930224895477295	0.2753979563713074	3.6550705432891846	-2.0972347259521484	-3.1372015476226807	2.2165098190307617	10.268952369689941	-7.662576198577881	-1.516340732574463
-5.6082611083984375	-7.241239070892334	9.993460655212402	5.59950065612793	3.021106481552124	4.318330764770508	1.2181843519210815	3.2482078075408936	-4.890426158905029	-4.0119547843933105
-0.43569743633270264	15.07532024383545	-12.472395896911621	-9.204038619995117	-3.364400625228882	-9.7505464553833	4.89225435256958	8.449316024780273	-1.8428784608840942	4.381993770599365
10.08763599395752	1.375950813293457	-6.959729194641113	-5.835472583770752	5.827993392944336	-5.233947277069092	-2.1650257110595703	-3.381152391433716	3.430516242980957	0.8615387678146362
-3.310925006866455	2.0588879585266113	1.3195732831954956	-4.96776819229126	6.1149492263793945	-7.244808197021484	9.902447700500488	3.8944058418273926	-1.9221690893173218	-5.321037292480469
3.4813613891601562	-3.654402732849121	1.7134703397750854	-1.3888232707977295	10.266862869262695	-3.327666759490967	1.382667064666748	-1.7905910015106201	-1.043414831161499	-3.6805176734924316
-2.431567668914795	4.890132904052734	-3.0609357357025146	-8.506985664367676	4.773204803466797	-7.89463472366333	9.888167381286621	2.893394947052002	0.4763951003551483	-2.1832809448242188
2.5194921493530273	4.182620048522949	-11.243922233581543	-12.862658500671387	3.2382712364196777	-4.3828935623168945	2.5865325927734375	-7.220246315002441	14.015145301818848	4.5092878341674805
1.591338038444519	0.03576481342315674	-1.5825550556182861	-4.8753509521484375	6.583767890930176	-3.8051555156707764	3.448312997817993	-0.8721314072608948	1.1586670875549316	-1.3485519886016846
2.950934886932373	-2.010434865951538	0.17855842411518097	-3.0516796112060547	8.144280433654785	-3.0236189365386963	1.5928363800048828	-1.499898910522461	0.22923001646995544	-2.3959009647369385
12.20205020904541	1.0490878820419312	-7.1959309577941895	-5.191657543182373	6.1674604415893555	-5.799294471740723	-3.319873094558716	-3.4803829193115234	2.7600631713867188	0.5913107395172119
9.511423110961914	1.308782696723938	-7.225011348724365	-5.988155364990234	5.959263801574707	-5.303849220275879	-1.7089076042175293	-3.361504554748535	3.605167865753174	1.0416662693023682
8.772268295288086	2.391956329345703	-8.337174415588379	-6.904752731323242	4.886847972869873	-5.337523460388184	-1.54768967628479	-3.5612173080444336	5.039027690887451	1.8188118934631348
1.8349295854568481	-1.2827913761138916	-0.6246182918548584	-4.351737022399902	7.613536834716797	-3.9140238761901855	3.28487491607666	-1.315222978591919	1.2806272506713867	-2.3003172874450684
3.007753372192383	4.049689292907715	-11.222625732421875	-12.728056907653809	3.5111310482025146	-4.827121734619141	2.6387386322021484	-7.373230934143066	14.250272750854492	3.963092803955078
2.2179975509643555	4.460683822631836	-11.498494148254395	-13.59028434753418	3.4790613651275635	-4.98429536819458	3.3260555267333984	-7.560368061065674	14.939668655395508	4.296018600463867
9.385047912597656	1.814827799797058	-7.879745006561279	-6.570756912231445	5.513721466064453	-5.424261569976807	-1.677873134613037	-3.5280990600585938	4.352365493774414	1.4800922870635986
-4.905086040496826	-7.321061134338379	10.07164192199707	4.852437973022461	4.955717086791992	2.5097732543945312	2.45279860496521	2.351569175720215	-4.245329856872559	-5.769321441650391
-6.546167850494385	-3.709693431854248	5.439703941345215	15.923787117004395	-4.736526966094971	5.222580432891846	-4.496387481689453	10.648401260375977	-10.278205871582031	-0.8370958566665649
0.17359119653701782	13.046425819396973	-12.500714302062988	-8.021540641784668	-3.7477457523345947	-6.98635196685791	2.3801655769348145	6.610519886016846	-0.9484893679618835	6.080206871032715
-4.326686382293701	4.151508808135986	0.9198499917984009	-6.457190990447998	5.895259857177734	-9.47547435760498	12.634037971496582	5.786509990692139	-3.137172222137451	-6.100915908813477
-4.445594310760498	3.9695496559143066	-0.21702052652835846	4.890340805053711	-2.9062042236328125	-3.035292387008667	1.41411554813385	11.158154487609863	-8.106908798217773	-1.2316904067993164
-4.4360737800598145	-5.677954196929932	3.753732204437256	3.0790598392486572	-2.828458547592163	12.716009140014648	-5.257397174835205	0.8155466914176941	-3.1216647624969482	5.950821876525879
-4.291640758514404	2.8496556282043457	0.973023533821106	4.775726318359375	-2.335007429122925	-2.5296196937561035	1.6351814270019531	10.25632095336914	-7.8227643966674805	-1.8072350025177002
-2.8407154083251953	3.0154647827148438	-0.1492995023727417	-5.772692680358887	4.619095325469971	-6.308416843414307	8.79781723022461	3.502183198928833	-1.3715331554412842	-3.4457788467407227
1.7753134965896606	4.360999584197998	-11.123978614807129	-13.277369499206543	2.1207046508789062	-3.0036628246307373	2.169185161590576	-7.295169353485107	14.091757774353027	5.7396345138549805
-0.6373456716537476	3.5471673011779785	-6.922646522521973	-2.912357807159424	-3.991696357727051	5.050934314727783	-4.397924900054932	1.9501779079437256	-0.8490301966667175	10.020954132080078
-3.370394468307495	3.0377635955810547	0.5899330973625183	-5.351123809814453	4.742733001708984	-6.899099349975586	9.591184616088867	4.557261943817139	-2.484405994415283	-4.15471076965332
-7.135699272155762	-3.6638894081115723	6.338174343109131	15.808656692504883	-4.280785083770752	4.753081798553467	-3.490346670150757	11.130892753601074	-10.916613578796387	-1.9393794536590576
-5.224172115325928	-6.7310075759887695	5.332461357116699	5.118293762207031	-3.0322725772857666	13.333857536315918	-5.411844730377197	1.4054912328720093	-4.111333847045898	5.098784446716309
-0.47850191593170166	13.420170783996582	-12.517592430114746	-8.780956268310547	-3.498978853225708	-7.492085933685303	3.1645772457122803	6.9917521476745605	-0.9567217230796814	6.293510913848877
-2.169534206390381	3.0393552780151367	-0.8308425545692444	-5.942760467529297	4.465028762817383	-5.925926685333252	8.127769470214844	2.839923620223999	-0.7969757914543152	-2.7574045658111572
2.1634559631347656	4.651914596557617	-11.648798942565918	-13.60635757446289	3.206488847732544	-4.815542221069336	3.2325470447540283	-7.53121280670166	14.953028678894043	4.510926723480225
-5.556433200836182	-5.638118743896484	9.700235366821289	5.758787155151367	3.101716995239258	1.442631483078003	2.8096258640289307	4.8496479988098145	-6.1393818855285645	-5.3558807373046875
-4.7775349617004395	3.330812931060791	0.47669005393981934	5.066224098205566	-2.7380640506744385	-2.4554800987243652	1.5017802715301514	10.885037422180176	-8.16120719909668	-1.3795323371887207
10.63831901550293	1.4897010326385498	-7.249526500701904	-5.788051605224609	5.676332473754883	-5.348299980163574	-2.5277106761932373	-3.207420587539673	3.046271324157715	1.1160087585449219
-4.534360408782959	2.6701929569244385	0.9738622903823853	5.587851524353027	-2.491137981414795	-2.1602821350097656	1.220684289932251	10.736587524414062	-8.2697114944458	-1.5112452507019043
-1.8713065385818481	3.9355366230010986	-2.078183889389038	-6.270455360412598	4.078866481781006	-6.531510353088379	7.922632217407227	3.4556384086608887	-0.9475955367088318	-2.1869895458221436
-0.2612771987915039	12.760577201843262	-11.551180839538574	-8.10567855834961	-2.841742992401123	-7.870453834533691	3.4861338138580322	7.143277168273926	-1.4675382375717163	4.967632293701172
2.169590473175049	4.198573112487793	-11.140942573547363	-13.329574584960938	3.3508384227752686	-4.443878173828125	3.03021240234375	-7.39705753326416	14.401359558105469	4.513645172119141
-2.9500813484191895	4.725901126861572	-1.1611424684524536	-6.93564510345459	4.733096122741699	-8.303071975708008	10.397459983825684	4.699594020843506	-1.9859973192214966	-3.912971019744873
-5.10092306137085	2.460965633392334	2.163111925125122	6.136108875274658	-2.1621687412261963	-2.7929306030273438	2.050689697265625	11.428085327148438	-8.988227844238281	-2.9014530181884766
-7.303137302398682	-5.323221683502197	7.561323642730713	17.684446334838867	-4.340498924255371	6.306423187255859	-4.630861759185791	10.685774803161621	-11.197526931762695	-1.7769451141357422
-7.123842239379883	-4.599194049835205	6.80917501449585	16.42645835876465	-4.377631187438965	5.550684928894043	-4.228801250457764	10.554567337036133	-10.917845726013184	-1.5712862014770508
1.7699064016342163	4.3411383628845215	-11.28383731842041	-13.742755889892578	3.5640461444854736	-4.609291076660156	3.554607629776001	-7.666779041290283	14.976627349853516	4.3809003829956055
3.517024040222168	-1.7069125175476074	-0.849043071269989	-3.8405215740203857	8.474262237548828	-3.660949230194092	1.7548177242279053	-1.8245381116867065	0.762378454208374	-1.9844605922698975
-6.1357645988464355	-8.681426048278809	11.352179527282715	6.2700724601745605	2.8872692584991455	6.038297653198242	0.476893812417984	2.4560539722442627	-4.675105571746826	-4.061610698699951
-4.598108768463135	3.5438942909240723	0.6422021985054016	5.209980010986328	-2.5336368083953857	-3.2044882774353027	1.924189805984497	11.084440231323242	-8.237619400024414	-2.175490379333496
2.7591755390167236	3.7887465953826904	-10.963359832763672	-12.87971019744873	3.958285093307495	-5.048879623413086	3.1506237983703613	-7.469981670379639	14.392526626586914	3.635648488998413
-5.176146984100342	3.357597827911377	1.3380640745162964	5.774048328399658	-2.55098557472229	-3.0444180965423584	2.0570261478424072	11.799588203430176	-8.921672821044922	-2.3628740310668945
2.771914482116699	-2.4142236709594727	0.4905688762664795	-2.9977617263793945	8.860429763793945	-3.9216790199279785	2.5213215351104736	-1.1691009998321533	0.015484057366847992	-3.180067539215088
-6.349650859832764	-8.779333114624023	12.031327247619629	6.246105194091797	4.2920050621032715	4.590700149536133	1.9378060102462769	2.755725383758545	-5.158188343048096	-5.726076126098633
2.6175711154937744	-1.4393045902252197	-0.3729724884033203	-3.613337516784668	7.5909647941589355	-3.588165283203125	2.45452880859375	-1.1828341484069824	0.5341579914093018	-2.314723253250122
9.450957298278809	1.9754621982574463	-8.17911434173584	-6.90902042388916	5.453837871551514	-5.557243347167969	-1.715898036956787	-3.7794103622436523	4.7749223709106445	1.698348045349121
2.604358673095703	3.7620630264282227	-11.023497581481934	-12.992914199829102	3.808159589767456	-4.462315559387207	2.752537965774536	-7.712697505950928	14.491641998291016	4.216085910797119
-0.3915112316608429	13.789106369018555	-12.162026405334473	-9.165590286254883	-3.313713550567627	-7.991783142089844	3.768195629119873	7.105167865753174	-1.0864042043685913	5.572465419769287
-6.5692219734191895	-8.660805702209473	12.396563529968262	6.71871280670166	4.551310062408447	3.6993558406829834	2.482224941253662	3.030886650085449	-5.354155540466309	-6.687211990356445
1.6488062143325806	-0.9958550333976746	-0.08953393995761871	-3.998750686645508	7.669322967529297	-3.9847359657287598	3.8001599311828613	-0.6606998443603516	0.15761569142341614	-2.5841927528381348
1.7368675470352173	0.22103479504585266	-2.512430429458618	-5.5658440589904785	6.056995868682861	-3.099669933319092	2.647681713104248	-1.6868743896484375	2.303354263305664	-0.2656174898147583
0.06669434905052185	5.644721984863281	-9.166871070861816	-4.775816917419434	-4.188300132751465	3.2901463508605957	-3.9338948726654053	1.7933928966522217	0.3664383888244629	10.780587196350098
11.634916305541992	1.202163815498352	-7.657104969024658	-5.9121246337890625	6.3683671951293945	-5.854203224182129	-2.7560791969299316	-3.64571475982666	3.335021495819092	0.8261287212371826
-0.061910804361104965	13.66049861907959	-12.551959037780762	-9.274274826049805	-3.2712111473083496	-8.244833946228027	3.608255386352539	6.931928634643555	-0.9547271132469177	5.790072917938232
-2.668382406234741	3.413355827331543	-0.9669443964958191	-6.149703025817871	4.298431396484375	-6.414574146270752	8.425949096679688	3.6445488929748535	-1.2812970876693726	-2.767517566680908
0.04542458429932594	5.591274738311768	-9.018792152404785	-3.9582200050354004	-4.323446273803711	2.788614511489868	-3.8003156185150146	2.3035778999328613	-0.11652766913175583	10.202836036682129
2.086071014404297	-1.8939282894134521	0.16588349640369415	-3.760577440261841	8.164867401123047	-3.618227958679199	2.909486770629883	-1.1956143379211426	0.40722665190696716	-2.5925588607788086
-4.062117099761963	-4.346791744232178	2.385566234588623	2.5580291748046875	-3.217402458190918	11.689242362976074	-5.229517936706543	1.2334213256835938	-3.0306994915008545	6.5002827644348145
-7.083404064178467	-4.319035053253174	7.133029460906982	14.970268249511719	-3.5211522579193115	4.552064418792725	-2.950507164001465	10.184112548828125	-10.322532653808594	-2.3498172760009766
1.624893307685852	3.7927558422088623	-10.53903865814209	-12.861946105957031	3.048976182937622	-3.778017044067383	2.8646979331970215	-7.216117858886719	14.059288024902344	4.4834885597229
-7.133274555206299	-4.489936351776123	7.117325305938721	16.15389060974121	-4.094893932342529	5.018555164337158	-3.6819400787353516	10.648852348327637	-10.766950607299805	-2.1411211490631104
9.38438606262207	2.0635900497436523	-8.604348182678223	-7.273608207702637	5.5818023681640625	-5.656538009643555	-1.5564732551574707	-4.115556240081787	5.504880905151367	1.7850723266601562
2.815396785736084	-2.6044468879699707	0.8327456712722778	-2.705080509185791	8.985612869262695	-3.2567150592803955	1.913257360458374	-1.4041627645492554	-0.19573771953582764	-3.007394313812256
-0.32681041955947876	14.872130393981934	-12.891207695007324	-9.432138442993164	-3.1458590030670166	-9.75692081451416	4.595853328704834	7.964498996734619	-1.2851108312606812	4.876732349395752
-4.29862117767334	5.2311625480651855	-0.6634649634361267	3.3867955207824707	-2.393704414367676	-4.933341026306152	2.9986023902893066	11.779394149780273	-8.195363998413086	-1.9789068698883057
-6.652428150177002	-8.758448600769043	12.871139526367188	7.472569465637207	4.092483043670654	3.806368589401245	2.409022331237793	3.6087098121643066	-6.1006388664245605	-6.570316314697266
0.5753117203712463	6.015193939208984	-9.515865325927734	-6.028807163238525	-3.751427412033081	2.2662084102630615	-3.1668519973754883	1.1749732494354248	1.1978613138198853	10.153475761413574
8.664796829223633	2.569851875305176	-9.113093376159668	-7.496562957763672	5.025375843048096	-5.650785446166992	-1.218524694442749	-3.8663086891174316	5.804749488830566	2.181746482849121
2.2235665321350098	4.514616012573242	-11.64548397064209	-13.440829277038574	3.0716969966888428	-4.403759479522705	2.804351329803467	-7.629152297973633	14.83700180053711	4.8090925216674805
1.6600056886672974	-2.282231330871582	1.024582028388977	-2.9681689739227295	8.385014533996582	-3.375063419342041	3.077916383743286	-0.964218258857727	-0.045051850378513336	-3.2170794010162354
-2.4067158699035645	2.3623878955841064	0.44324707984924316	-5.105297088623047	5.403895378112793	-6.642866134643555	8.704641342163086	3.7726686000823975	-2.124962091445923	-4.039337158203125
-0.5258989930152893	4.4555487632751465	-7.586458683013916	-4.008417129516602	-4.100459098815918	4.220874786376953	-3.8449041843414307	1.8008180856704712	-0.25695380568504333	10.039854049682617
-4.714680194854736	2.8639001846313477	0.8402566909790039	5.035597801208496	-2.457191228866577	-2.0745248794555664	1.3542052507400513	10.548452377319336	-8.024309158325195	-1.2733032703399658
-5.717349529266357	-8.47106647491455	11.108967781066895	5.408440589904785	4.321065425872803	4.678994655609131	1.5257446765899658	2.090826988220215	-4.19501256942749	-4.954833984375
8.739557266235352	2.2423362731933594	-8.342551231384277	-7.125658988952637	5.079399108886719	-5.47946834564209	-1.3212257623672485	-3.718425750732422	5.143792629241943	1.840961217880249
2.492156505584717	3.72562837600708	-10.62464427947998	-12.582103729248047	3.7328598499298096	-4.58958101272583	2.9541895389556885	-7.14547872543335	13.704381942749023	3.9093432426452637
8.725090026855469	2.1892900466918945	-8.33327579498291	-7.09433126449585	4.9755144119262695	-5.397212028503418	-1.383278489112854	-3.927790403366089	5.665414333343506	1.6676018238067627
-0.7564256191253662	4.718173980712891	-8.195054054260254	-4.543028831481934	-4.234668731689453	4.377103328704834	-3.8138766288757324	1.5240892171859741	0.3393942415714264	10.658537864685059
-6.3267741203308105	-9.40748405456543	11.718194961547852	7.232714653015137	2.4478917121887207	7.290806293487549	-0.2780320346355438	2.535830020904541	-5.068774223327637	-3.62941312789917
-6.423977375030518	-8.786652565002441	12.311619758605957	6.814483165740967	3.509265184402466	4.842525482177734	1.6717694997787476	3.17141056060791	-5.353927135467529	-5.370943069458008
-6.058403968811035	-8.493908882141113	11.648870468139648	7.355834007263184	3.110746145248413	5.176470756530762	0.9701722264289856	3.1928086280822754	-5.722387790679932	-4.969752311706543
-2.186002731323242	3.676853895187378	-1.6346732378005981	-5.704411506652832	3.208622694015503	-5.06512451171875	6.95583963394165	3.4971046447753906	-1.3484617471694946	-1.3379783630371094
10.517889022827148	1.212550401687622	-6.7899580001831055	-5.450641632080078	5.84092903137207	-5.360845565795898	-2.4263837337493896	-3.1185529232025146	2.780625820159912	0.7504004836082458
-0.04844951257109642	13.162196159362793	-11.826871871948242	-6.902620315551758	-3.7379355430603027	-7.840470314025879	2.6526427268981934	8.036898612976074	-2.256159782409668	5.04644250869751
-0.6376042366027832	4.149064540863037	-8.254804611206055	-4.061116695404053	-5.140923023223877	6.487771034240723	-5.205649375915527	1.0254933834075928	0.3667904734611511	12.0573148727417
-6.61659574508667	-3.2443127632141113	5.715116500854492	13.715007781982422	-3.8062994480133057	3.8287103176116943	-2.860929012298584	10.347021102905273	-9.942352294921875	-1.696070909500122
-6.071116924285889	-7.349380016326904	11.312253952026367	6.69865608215332	3.603429079055786	2.9978981018066406	2.365194797515869	3.893404722213745	-5.791723728179932	-5.814353942871094
9.649740219116211	1.6139357089996338	-7.787394046783447	-6.427694320678711	5.728830814361572	-5.521771430969238	-1.830840826034546	-3.7261948585510254	4.4521098136901855	1.3265833854675293
0.3466023802757263	6.960216999053955	-10.422981262207031	-4.706518173217773	-4.677541732788086	1.5680328607559204	-3.5799083709716797	2.3216819763183594	0.4680618643760681	10.22263240814209
-7.09648323059082	-10.520392417907715	13.392799377441406	8.0704984664917	3.0161819458007812	7.3739800453186035	0.3379097282886505	2.487288475036621	-5.238311290740967	-4.739987373352051
-1.5657328367233276	4.463897228240967	-3.3906731605529785	-7.110990524291992	3.006528615951538	-5.595158100128174	6.834458827972412	2.8966474533081055	-0.3127414286136627	-0.27969712018966675
10.016725540161133	1.9005595445632935	-7.680901527404785	-6.234162330627441	5.264439582824707	-5.421710968017578	-2.1258444786071777	-3.341700553894043	3.92293119430542	1.2979724407196045
-0.3142738342285156	13.669745445251465	-11.735822677612305	-9.831299781799316	-2.840925693511963	-8.116726875305176	4.5290985107421875	6.4610371589660645	-0.7589544653892517	5.028868198394775
-4.354114055633545	3.6776018142700195	0.009228937327861786	4.318897247314453	-2.5124614238739014	-2.8104429244995117	1.5317609310150146	10.560094833374023	-7.782456874847412	-1.205794334411621
1.8273247480392456	-1.4544225931167603	0.35783112049102783	-3.424818515777588	7.889548301696777	-3.1683461666107178	2.696209669113159	-0.7790924310684204	-0.41920754313468933	-2.3226895332336426
-6.098474025726318	-7.247974872589111	10.898877143859863	7.868514060974121	2.889364004135132	3.4708104133605957	1.615722417831421	4.646966457366943	-6.7192254066467285	-5.397952556610107
-6.554880619049072	-9.79068660736084	12.841839790344238	6.957350730895996	3.960829734802246	5.964127540588379	1.040400743484497	2.1957058906555176	-4.78456974029541	-5.501349449157715
0.12158513069152832	4.804751396179199	-8.561676979064941	-4.9615373611450195	-4.018030166625977	3.961245536804199	-3.920037031173706	1.102774977684021	0.6947268843650818	10.697070121765137
-3.9880869388580322	3.9585177898406982	-0.7551904916763306	3.404829502105713	-2.7324180603027344	-2.5725386142730713	1.2564716339111328	10.034830093383789	-7.250852584838867	-0.25278377532958984
0.09916806221008301	13.618949890136719	-12.734082221984863	-8.950111389160156	-3.4667999744415283	-7.949300289154053	3.1661949157714844	6.736334323883057	-0.7581656575202942	5.8342156410217285
-6.633525371551514	-4.367171764373779	6.2748494148254395	15.15847396850586	-3.9174857139587402	5.256453990936279	-3.961454391479492	9.919187545776367	-10.113258361816406	-1.4475839138031006
-5.006260395050049	-15.994373321533203	7.330475807189941	9.52912425994873	-2.9772040843963623	18.006534576416016	-9.872296333312988	3.057771921157837	-5.804280757904053	7.8032708168029785
-1.8076653480529785	3.3565709590911865	-10.671037673950195	-14.668754577636719	7.042154312133789	-3.856935977935791	6.114038944244385	-9.0712308883667	13.23203182220459	4.456453323364258
2.946833372116089	-6.78798246383667	0.5290164351463318	-4.373294830322266	12.37586784362793	-4.558650016784668	4.596520900726318	-1.5821106433868408	-0.5694295763969421	-3.0287656784057617
-3.3483574390411377	9.212785720825195	-18.051219940185547	-1.3417431116104126	-4.591322422027588	1.4947429895401	-7.260733604431152	4.693506717681885	0.8193131685256958	15.942387580871582
-4.110081672668457	-4.52008581161499	3.9620370864868164	26.597280502319336	-8.939254760742188	2.1902663707733154	-12.707457542419434	18.35285758972168	-12.453681945800781	0.40312379598617554
-3.5763049125671387	-20.688491821289062	21.364471435546875	9.88009262084961	3.8588063716888428	4.152662754058838	1.6373673677444458	4.56557035446167	-6.328358173370361	-9.297346115112305
-5.38153076171875	-15.210578918457031	7.040209770202637	14.409570693969727	-6.281490325927734	19.034156799316406	-12.807485580444336	5.558261394500732	-7.648495674133301	9.077569961547852
-2.645960807800293	2.528968095779419	-2.6706883907318115	12.13507080078125	-4.773706436157227	-5.695660591125488	-3.922024965286255	16.055561065673828	-9.391440391540527	-0.18072304129600525
-4.930440902709961	-16.334733963012695	8.991752624511719	10.696395874023438	-4.153469562530518	17.756710052490234	-9.808107376098633	3.676337718963623	-6.148464679718018	6.6667985916137695
-1.9273617267608643	16.546720504760742	-18.70638084411621	-0.6501619219779968	-4.971741199493408	-10.056982040405273	-2.1577932834625244	11.05077838897705	-1.797035813331604	8.002294540405273
-3.249993324279785	8.724578857421875	-16.5396785736084	-1.4819408655166626	-4.352682113647461	0.97392338514328	-6.3532304763793945	4.082361698150635	1.546690821647644	14.588727951049805
-4.1781392097473145	-5.61929178237915	4.544329643249512	25.8713321685791	-8.506811141967773	3.546431064605713	-12.834104537963867	16.847070693969727	-11.894011497497559	1.1506129503250122
-4.616130828857422	6.30955171585083	-7.8740644454956055	-14.813610076904297	2.8887827396392822	-10.235523223876953	11.22083854675293	-0.9572298526763916	7.763251304626465	2.504081964492798
-2.3942108154296875	14.356892585754395	-18.6209774017334	-1.1373239755630493	-4.679821968078613	-6.728614807128906	-3.428349256515503	8.405233383178711	0.04313725605607033	10.389970779418945
-0.9384242296218872	2.305595636367798	-9.129142761230469	-12.78300666809082	7.566392421722412	-4.301388740539551	5.702616214752197	-7.97684907913208	11.466435432434082	3.308861017227173
-4.5756683349609375	-8.974991798400879	8.66463851928711	29.441139221191406	-9.686421394348145	7.119050025939941	-14.773591995239258	16.31666374206543	-12.950129508972168	0.27717918157577515
-4.360940456390381	22.747831344604492	-23.152645111083984	-7.891497611999512	-5.163816452026367	-15.968801498413086	3.813703775405884	10.147351264953613	3.0673141479492188	8.191516876220703
0.830331563949585	-3.2953267097473145	-0.7891325354576111	-8.499886512756348	9.82718276977539	-5.755756378173828	7.2438764572143555	-2.4044604301452637	2.2773799896240234	-1.7944390773773193
-4.397122383117676	-6.7226176261901855	4.674487590789795	27.10805892944336	-8.4999418258667	5.468728065490723	-14.08423137664795	16.675600051879883	-12.60378360748291	2.2813000679016113
-3.8942198753356934	21.420927047729492	-24.392864227294922	-3.6696813106536865	-6.6095733642578125	-11.119641304016113	-1.58919358253479	9.585630416870117	2.9296412467956543	11.430305480957031
-3.2454514503479004	1.1950823068618774	-3.6304068565368652	15.431436538696289	-5.701664924621582	-2.241132974624634	-7.805474758148193	16.118453979492188	-9.246084213256836	2.326992988586426
-2.4588661193847656	5.5424370765686035	-4.864511489868164	11.078581809997559	-4.976189613342285	-8.805484771728516	-2.5482218265533447	18.609172821044922	-10.521269798278809	-1.0402297973632812
-2.026761531829834	2.832048177719116	-9.452203750610352	-14.339228630065918	7.842190742492676	-4.4629058837890625	6.6129231452941895	-8.882264137268066	12.891636848449707	3.8343863487243652
-2.596315860748291	2.415257692337036	-9.29122543334961	-15.223901748657227	7.2116546630859375	-3.7253684997558594	6.796186447143555	-9.170443534851074	13.374939918518066	4.058913230895996
-1.8483846187591553	2.5820043087005615	-9.776840209960938	-15.163326263427734	7.286069393157959	-3.7207977771759033	6.552973747253418	-9.435429573059082	13.285040855407715	4.235037803649902
-4.570361137390137	-6.08221435546875	4.292811393737793	27.1824893951416	-10.163946151733398	6.2240824699401855	-14.998380661010742	16.430299758911133	-12.069825172424316	3.368103504180908
-4.490628719329834	-10.845479965209961	1.4041494131088257	11.980253219604492	-5.110887050628662	15.65074634552002	-12.523404121398926	5.743458271026611	-6.349194526672363	10.505102157592773
-3.80355167388916	-10.365150451660156	1.2187496423721313	7.759922027587891	-4.06129789352417	14.96504020690918	-10.538379669189453	3.521134853363037	-4.6506028175354	10.669734954833984
-4.281584739685059	-13.947908401489258	6.381520748138428	8.045742988586426	-0.7136057019233704	12.690666198730469	-7.135887145996094	3.8187994956970215	-5.487051963806152	5.051682949066162
-4.318610191345215	-4.783560276031494	3.821733236312866	28.540525436401367	-10.245150566101074	4.097148895263672	-14.866546630859375	18.232820510864258	-12.904029846191406	2.1962780952453613
1.9468114376068115	-4.413388729095459	-1.925042986869812	-6.7556281089782715	11.285449028015137	-5.094196319580078	5.246492385864258	-2.4243292808532715	1.7761290073394775	-1.4401363134384155
2.9502882957458496	-8.453963279724121	2.3547701835632324	-3.036505699157715	13.321414947509766	-4.389967918395996	4.722606658935547	-0.7742297649383545	-2.2227206230163574	-4.345396995544434
-4.599189281463623	4.045130729675293	-12.175553321838379	-5.411787509918213	-3.2816312313079834	2.8552210330963135	-3.135409116744995	1.2963385581970215	3.742177963256836	13.707342147827148
-3.0369584560394287	2.969754695892334	-4.975872993469238	-11.973587036132812	4.745258331298828	-8.140222549438477	9.156695365905762	-1.8063369989395142	6.311002254486084	1.141934871673584
2.5857043266296387	-7.151761531829834	1.3116661310195923	-4.727375507354736	12.291382789611816	-4.449959754943848	5.197638511657715	-1.6238731145858765	-0.5849363207817078	-3.4551408290863037
-3.952831506729126	-19.49199867248535	17.96408462524414	8.453866958618164	2.3367252349853516	5.592304229736328	0.7451062798500061	4.8838114738464355	-5.939460277557373	-5.858935356140137
-5.027740478515625	-13.888432502746582	4.7020111083984375	11.865762710571289	-5.026027679443359	18.322826385498047	-12.249576568603516	4.59131383895874	-6.5521464347839355	9.896703720092773
-5.206730842590332	-14.336182594299316	4.894582271575928	9.40680980682373	-4.564548492431641	19.332809448242188	-11.40267562866211	3.593907356262207	-5.744688510894775	10.501631736755371
-1.5718857049942017	-2.8050425052642822	1.7162357568740845	-8.23977279663086	6.773788928985596	-8.187906265258789	10.214266777038574	0.7041441202163696	1.227677822113037	-3.8138062953948975
-2.448972702026367	-1.3372576236724854	0.493591845035553	-9.270401000976562	6.515205383300781	-8.127299308776855	10.104717254638672	-0.2290535867214203	3.0241312980651855	-2.7631797790527344
0.6031199097633362	-6.049246311187744	2.2490997314453125	-5.651811122894287	10.360673904418945	-5.732864856719971	7.119597911834717	-0.36476537585258484	-0.31897857785224915	-3.617147922515869
-0.8211707472801208	2.0903170108795166	-9.008110046386719	-13.467288970947266	8.033428192138672	-4.617154121398926	6.219757080078125	-8.62712287902832	12.187743186950684	2.9360599517822266
1.2991167306900024	-4.092247486114502	-2.107779026031494	-7.687066555023193	11.085569381713867	-5.163806915283203	5.920497894287109	-3.307164430618286	2.882241725921631	-1.257325530052185
-2.6661453247070312	0.1781887710094452	-0.37698155641555786	-11.8976469039917	6.696481227874756	-10.667034149169922	12.59472370147705	-0.2425977885723114	3.656458616256714	-3.2219996452331543
-4.672867774963379	-11.383952140808105	2.91904354095459	10.830158233642578	-5.5394673347473145	16.230173110961914	-11.55374526977539	4.914150238037109	-5.937026023864746	10.120279312133789
-2.9246013164520264	5.98441743850708	-14.111863136291504	1.4260061979293823	-4.704399108886719	2.9359629154205322	-7.80596923828125	5.379615783691406	-1.3702203035354614	14.259626388549805
-3.351285696029663	-21.004425048828125	19.483985900878906	9.507349014282227	3.906167984008789	6.03492546081543	-0.13321562111377716	3.669743299484253	-5.500786304473877	-7.01534366607666
-4.1253485679626465	-5.85906982421875	5.175036430358887	25.86673927307129	-8.406364440917969	3.356407880783081	-12.47568130493164	17.079687118530273	-12.135052680969238	0.4474291205406189
-2.5544896125793457	5.743815898895264	-14.969569206237793	-1.9046934843063354	-3.7698936462402344	4.1592020988464355	-7.518375873565674	2.6853106021881104	0.5429980158805847	15.791772842407227
-3.469843626022339	-23.268482208251953	21.13097381591797	12.260124206542969	3.002345561981201	10.121368408203125	-2.885042428970337	3.6222009658813477	-6.958314895629883	-6.295950412750244
-2.820448875427246	1.379080891609192	-2.2300963401794434	12.804734230041504	-4.3245344161987305	-4.428952217102051	-4.525784969329834	16.046133041381836	-9.731947898864746	0.17181411385536194
-3.764744997024536	5.11603307723999	-14.204730987548828	5.20016622543335	-7.165834426879883	5.768709182739258	-10.898200988769531	6.926490306854248	-2.3575754165649414	15.923361778259277
-2.1675689220428467	-0.6922005414962769	0.9226581454277039	-10.43568229675293	7.545839309692383	-11.300232887268066	12.760497093200684	1.3011034727096558	1.5067059993743896	-4.489133834838867
-4.108057022094727	-5.665825366973877	4.841625690460205	27.085142135620117	-9.148539543151855	4.654303550720215	-14.005809783935547	16.928342819213867	-12.56026554107666	1.8329367637634277
4.062512397766113	-16.24028968811035	8.194465637207031	1.5332597494125366	21.88570213317871	-6.827824115753174	6.463799476623535	1.880621075630188	-7.699875831604004	-9.497119903564453
-4.265919208526611	8.554571151733398	-17.111501693725586	-4.863452434539795	-4.419454574584961	1.206457495689392	-4.70994758605957	2.932389736175537	3.321094512939453	15.967336654663086
-3.6566150188446045	-22.877500534057617	21.325721740722656	10.08833122253418	5.437734603881836	5.738956451416016	0.9414393901824951	4.063671588897705	-6.260867118835449	-8.80450439453125
-3.117945909500122	1.9539061784744263	-0.18356719613075256	-10.61906909942627	4.455053329467773	-12.093114852905273	12.87479305267334	2.781445026397705	1.6716865301132202	-3.6340138912200928
-4.456226825714111	-5.149457931518555	2.593409299850464	26.531660079956055	-9.486923217773438	5.027529716491699	-14.501398086547852	17.298913955688477	-12.085427284240723	3.632995128631592
-3.76112699508667	19.230627059936523	-22.216655731201172	-3.6360647678375244	-5.366368770599365	-10.363296508789062	-1.1711156368255615	8.240395545959473	2.801617383956909	10.635505676269531
-3.0573840141296387	2.7958943843841553	-9.868762969970703	-15.400753021240234	6.953097820281982	-3.5173165798187256	6.545848846435547	-9.04861831665039	13.655600547790527	4.749216079711914
-3.3341541290283203	-17.690765380859375	17.974180221557617	9.839622497558594	4.530389785766602	0.4381122589111328	2.332524061203003	6.429355621337891	-6.8068108558654785	-8.926252365112305
-3.095263957977295	0.5651754140853882	-0.7664017677307129	14.726664543151855	-5.2968244552612305	-4.04242467880249	-5.182246685028076	16.767744064331055	-10.07693862915039	-0.6956395506858826
-4.278967380523682	-7.232982635498047	6.793453216552734	28.565343856811523	-8.849010467529297	4.665424346923828	-13.841733932495117	17.710920333862305	-13.162184715270996	0.04821676388382912
-4.226077556610107	-6.859177112579346	6.358797073364258	27.0477352142334	-8.352904319763184	3.6364028453826904	-12.782003402709961	17.386106491088867	-12.505667686462402	-0.31578296422958374
3.450733184814453	-9.261228561401367	3.3767683506011963	-2.980755090713501	14.463911056518555	-5.287599086761475	5.671656608581543	-0.8574538230895996	-2.6482794284820557	-5.234885215759277
-2.546633720397949	5.196857452392578	-5.083456516265869	12.784963607788086	-5.029096603393555	-7.617799758911133	-4.300528526306152	18.6669979095459	-10.704744338989258	-0.12191492319107056
-4.386809349060059	5.640106678009033	-15.583627700805664	-5.155453205108643	-4.119493007659912	4.602484226226807	-5.417348861694336	0.6409804821014404	4.276369571685791	16.867895126342773
3.7890889644622803	-17.57013511657715	10.83294677734375	1.487962007522583	23.507884979248047	-8.773580551147461	8.894014358520508	2.6640539169311523	-9.107383728027344	-11.500808715820312
-3.686081647872925	20.90182113647461	-22.702075958251953	-5.650844097137451	-5.818519115447998	-12.318446159362793	0.9258818030357361	8.902779579162598	2.72292423248291	9.88847541809082
-2.870192766189575	2.1524012088775635	-10.345853805541992	3.3156654834747314	-4.96589469909668	5.629572868347168	-8.618934631347656	5.1200690269470215	-1.8313965797424316	13.092768669128418
-1.722902536392212	-2.388475179672241	1.4220491647720337	-9.389339447021484	7.587323188781738	-8.852001190185547	10.740911483764648	0.4713799059391022	1.6991386413574219	-3.618311643600464
-3.9649815559387207	-9.986860275268555	0.052403323352336884	6.097268581390381	-3.324730634689331	15.190841674804688	-10.058074951171875	2.927490711212158	-3.926948070526123	11.084512710571289
13.210026741027832	-1.1192783117294312	-6.838750839233398	-3.532806873321533	4.782975673675537	-3.812018871307373	0.0020479150116443634	-2.758553981781006	0.6256787180900574	-1.6755324602127075
-3.517463207244873	-23.071828842163086	21.874897003173828	10.773778915405273	4.260386943817139	7.709214687347412	-0.5898823738098145	3.7000584602355957	-6.552830219268799	-8.09140396118164
-2.336146831512451	2.7541935443878174	-2.744551181793213	12.411552429199219	-3.2557930946350098	-7.304137706756592	-3.2902414798736572	17.044740676879883	-10.230023384094238	-1.4911161661148071
-4.580233573913574	-6.800191879272461	5.062713623046875	28.28010368347168	-9.972188949584961	6.60197639465332	-15.281131744384766	16.66872215270996	-12.398886680603027	2.865379571914673
12.523877143859863	-0.15625962615013123	-7.00975227355957	-4.329802989959717	3.840231418609619	-3.752934455871582	0.28366196155548096	-3.108336925506592	1.3055846691131592	-1.2625949382781982
11.92103099822998	-4.382527828216553	-3.41555118560791	-0.8788444399833679	7.353487968444824	-3.81885027885437	0.1739477962255478	-1.4642771482467651	-2.1295974254608154	-3.1763734817504883
11.429463386535645	-3.1297123432159424	-4.301019668579102	-1.8275501728057861	5.975241661071777	-3.382115125656128	0.15417374670505524	-1.6610888242721558	-1.1923831701278687	-2.4730191230773926
-3.2597179412841797	4.407528400421143	-13.264442443847656	-1.6503961086273193	-3.7780370712280273	4.525456428527832	-6.664964199066162	3.150153636932373	0.4438682198524475	14.856552124023438
-4.7090744972229	-8.107678413391113	7.516283988952637	29.69203758239746	-10.323837280273438	6.6563310623168945	-15.186671257019043	17.25001335144043	-13.285298347473145	1.2801930904388428
-3.3162293434143066	5.569882869720459	-13.940743446350098	-1.2803198099136353	-3.8682518005371094	2.8981575965881348	-6.337740421295166	3.1354427337646484	1.3536107540130615	14.396750450134277
7.136031150817871	-3.3539021015167236	-4.387729167938232	-3.942300796508789	8.108854293823242	-2.9443819522857666	1.3599321842193604	-2.955685615539551	1.1104145050048828	-1.1267043352127075
-3.9898266792297363	1.8497241735458374	-10.603952407836914	1.3120700120925903	-4.919878959655762	6.288763999938965	-7.401998519897461	4.103967189788818	-0.7895532846450806	14.253005981445312
12.801852226257324	-0.9769675731658936	-6.102487087249756	-2.866180658340454	3.9499435424804688	-3.6991002559661865	0.01492132619023323	-2.0990312099456787	-0.00525641068816185	-1.879504680633545
-2.005185127258301	-4.245338439941406	3.935988426208496	-3.9185988903045654	5.318718910217285	-7.446784973144531	8.130958557128906	3.6403558254241943	-1.2863500118255615	-4.914185523986816
-1.9326293468475342	-3.9483277797698975	5.341869354248047	-7.065342426300049	6.993703842163086	-9.782193183898926	11.88179874420166	2.835106134414673	-1.2468739748001099	-6.359584808349609
-3.532881736755371	4.0939412117004395	-12.985920906066895	0.7047346234321594	-4.461825847625732	4.0309882164001465	-7.366726398468018	4.882369518280029	-0.7090923190116882	14.269055366516113
-3.0460729598999023	2.1762516498565674	-3.4793169498443604	14.420924186706543	-4.904233455657959	-4.412170886993408	-5.824488639831543	17.301549911499023	-10.228867530822754	0.930234432220459
-3.526183843612671	-17.99241065979004	19.35601043701172	10.926763534545898	2.474726915359497	2.048827648162842	1.2607402801513672	6.387028694152832	-7.097311496734619	-8.611756324768066
-2.373044013977051	5.114877223968506	-6.136646747589111	9.002687454223633	-3.4389538764953613	-8.550321578979492	-2.2293648719787598	17.06089973449707	-9.395936012268066	0.24229729175567627
-2.9083104133605957	-21.39436149597168	18.414474487304688	8.037836074829102	5.829560279846191	6.058493614196777	0.359447717666626	3.313236713409424	-5.496641635894775	-7.086091995239258
-2.6218626499176025	19.286558151245117	-20.27887535095215	-3.890340566635132	-5.1061224937438965	-12.007734298706055	0.3649519383907318	9.149932861328125	1.4630064964294434	8.070470809936523
12.00133991241455	-2.7463433742523193	-4.644182205200195	-2.3772027492523193	5.625881195068359	-3.642756700515747	0.32981380820274353	-1.9554368257522583	-0.6043261885643005	-2.5079233646392822
-1.6664080619812012	-3.066077470779419	0.9184442162513733	-9.408777236938477	7.994695663452148	-7.315408229827881	9.724201202392578	-1.1248970031738281	3.033904552459717	-2.821401834487915
4.733386039733887	-16.70456886291504	8.277886390686035	1.7735767364501953	22.398643493652344	-5.948511123657227	5.653131008148193	0.9655812978744507	-7.558389186859131	-9.129975318908691
-3.3091650009155273	1.9084899425506592	-3.8656668663024902	-12.608610153198242	5.601376533508301	-9.109886169433594	10.971392631530762	-1.500942349433899	6.0444769859313965	-0.43254905939102173
-2.0060603618621826	3.738753080368042	-10.53518295288086	-15.403512954711914	6.918609619140625	-4.41856575012207	6.648289680480957	-8.986886024475098	13.442630767822266	4.634724140167236
1.9283753633499146	-5.791937828063965	0.8782569169998169	-5.988068580627441	12.114550590515137	-6.22079610824585	6.838425159454346	-1.2542511224746704	-0.12807130813598633	-3.5691885948181152
3.76452898979187	-9.605154991149902	1.7101335525512695	-2.828366279602051	15.595525741577148	-4.332670211791992	4.072602272033691	-1.3095084428787231	-2.2737271785736084	-4.002145767211914
16.880422592163086	-3.155797004699707	-4.903518199920654	-0.5708080530166626	4.500688552856445	-4.154656410217285	-1.073415756225586	-2.013125419616699	-2.1814403533935547	-3.3437623977661133
10.573634147644043	-3.1031038761138916	-4.68927526473999	-2.3405237197875977	6.740027904510498	-3.3468375205993652	0.2156693935394287	-1.756407618522644	-0.8816613554954529	-1.9924890995025635
11.994685173034668	-1.192884922027588	-5.660447120666504	-2.929260015487671	4.137641429901123	-3.4019649028778076	0.1572168618440628	-2.0184831619262695	-0.21226221323013306	-1.8459439277648926
1.7397234439849854	-6.694726943969727	0.720369279384613	-5.507928371429443	11.125548362731934	-4.260849952697754	5.317704200744629	-1.8233965635299683	0.5673511028289795	-2.7864911556243896
-1.7770516872406006	3.1103618144989014	-9.366259574890137	-15.11067008972168	6.962538242340088	-4.325242042541504	7.010458946228027	-9.303193092346191	13.357340812683105	3.816979169845581
-2.6552062034606934	2.6150095462799072	-9.385168075561523	-15.100549697875977	7.353713512420654	-3.8458688259124756	6.927463531494141	-8.969828605651855	13.086311340332031	4.216994762420654
10.271265029907227	-3.087751865386963	-4.371039390563965	-2.266850709915161	6.3852081298828125	-3.265645742416382	0.33921173214912415	-1.7500919103622437	-0.9161887764930725	-2.0718822479248047
-2.1572742462158203	-20.220129013061523	18.88399314880371	7.411133289337158	7.033796787261963	2.199371099472046	2.7931196689605713	3.4042606353759766	-5.062158107757568	-9.739577293395996
-4.484489440917969	-4.877758979797363	3.1995410919189453	26.760435104370117	-10.136688232421875	4.639093399047852	-14.367574691772461	17.256132125854492	-11.739243507385254	2.8619906902313232
-2.75809907913208	17.984376907348633	-20.513320922851562	-2.851834535598755	-5.814864635467529	-10.739617347717285	-0.8663308024406433	10.106953620910645	0.443521648645401	9.22409439086914
-3.230210542678833	-1.9457722902297974	2.463043212890625	-9.132942199707031	5.1729416847229	-9.052902221679688	11.620494842529297	1.5205458402633667	2.0404348373413086	-3.964468479156494
-2.654311180114746	5.862961769104004	-6.515260696411133	12.630821228027344	-4.815151691436768	-7.5406389236450195	-4.717474937438965	18.75871467590332	-10.594232559204102	0.8701047301292419
-4.457441806793213	-16.1679744720459	7.687227249145508	9.069686889648438	-2.9285013675689697	17.84003257751465	-9.883654594421387	2.6794395446777344	-5.263152599334717	7.3340253829956055
-3.089643716812134	3.6584601402282715	-3.98648738861084	13.143104553222656	-6.106400489807129	-5.7535552978515625	-4.642374038696289	17.645261764526367	-9.839737892150879	0.5422631502151489
-2.6607563495635986	1.0407313108444214	-1.9048889875411987	-10.522882461547852	4.996411323547363	-8.106918334960938	9.41347885131836	-0.6584875583648682	4.555792331695557	-0.8146273493766785
-3.3641018867492676	2.122814893722534	-10.42861557006836	-14.75050163269043	4.6427836418151855	-0.8503738045692444	4.383824825286865	-9.349072456359863	14.531903266906738	6.677668571472168
-2.901456832885742	5.035358905792236	-14.070554733276367	3.104383707046509	-4.397985935211182	2.9185094833374023	-8.50929069519043	7.2234907150268555	-3.081162452697754	14.141937255859375
-3.881774425506592	0.08441042900085449	0.43546921014785767	-8.318008422851562	3.0812830924987793	-8.869264602661133	10.344343185424805	2.4702723026275635	2.3608179092407227	-2.3661866188049316
-4.332679748535156	-5.764596939086914	5.725407600402832	28.670530319213867	-10.125118255615234	4.138055801391602	-14.200775146484375	17.987991333007812	-12.775771141052246	0.7773745656013489
-5.189393997192383	-16.442615509033203	9.066573143005371	12.1446533203125	-5.053869724273682	18.68460464477539	-10.964507102966309	4.138055324554443	-6.850168704986572	7.748652458190918
-3.9340696334838867	19.62581443786621	-20.832134246826172	-6.5764899253845215	-4.011379718780518	-13.354698181152344	2.363835573196411	8.85000228881836	2.7479777336120605	8.26933479309082
-3.8842215538024902	3.068176507949829	-3.831552028656006	-12.9238862991333	3.9650914669036865	-9.01082992553711	10.986360549926758	-1.7199887037277222	7.2234015464782715	0.00874895229935646
-2.7242870330810547	2.9847190380096436	-9.917800903320312	-15.710770606994629	6.453042030334473	-3.1251745223999023	6.453095436096191	-9.632330894470215	14.07689380645752	4.931325912475586
-3.1945810317993164	-17.920934677124023	17.05138397216797	12.307382583618164	2.0380349159240723	3.849222421646118	-1.410383939743042	6.658641338348389	-6.892812252044678	-6.459680557250977
-3.0924534797668457	3.6272847652435303	-6.550870895385742	13.0524263381958	-4.941298961639404	-4.55420446395874	-6.454401016235352	17.41499137878418	-9.619380950927734	2.814751386642456
12.793553352355957	-2.4719021320343018	-4.615689277648926	-1.4647976160049438	4.825013637542725	-3.673630714416504	-0.1541738659143448	-1.4213963747024536	-1.4551982879638672	-2.594982624053955
-3.0414693355560303	3.883659839630127	-2.8312764167785645	12.730552673339844	-6.349211692810059	-6.819360256195068	-3.2238898277282715	18.639915466308594	-10.813324928283691	-0.8745806813240051
-3.6482019424438477	2.0992937088012695	-3.422720432281494	-13.827259063720703	6.193016529083252	-11.405218124389648	13.290008544921875	-0.38232308626174927	5.564637184143066	-1.4471219778060913
-4.425739765167236	19.37544822692871	-21.708637237548828	-7.085724830627441	-4.683140754699707	-11.890777587890625	2.1631898880004883	7.147380828857422	4.704286098480225	9.57050895690918
-3.0847713947296143	2.6230528354644775	-10.095624923706055	-16.089231491088867	6.4680891036987305	-2.8801209926605225	6.329876899719238	-9.503666877746582	14.40977668762207	5.209778785705566
-2.6819682121276855	2.574652910232544	-2.146850109100342	-11.620214462280273	5.724456787109375	-11.865327835083008	12.529600143432617	1.6001607179641724	2.7911481857299805	-2.6942148208618164
-2.7102761268615723	2.5134644508361816	-1.5992745161056519	14.55027961730957	-4.875233173370361	-7.507837295532227	-3.869295597076416	19.15010643005371	-11.541108131408691	-2.2619104385375977
-4.723962306976318	-8.627447128295898	6.961597919464111	28.54635238647461	-10.023046493530273	8.314200401306152	-15.33884334564209	15.894107818603516	-12.73598575592041	2.5727100372314453
-4.548461437225342	-7.445589542388916	5.250140190124512	26.8337459564209	-9.265365600585938	7.277315139770508	-14.768631935119629	15.615227699279785	-12.345576286315918	3.2108263969421387
-2.7210958003997803	2.677067279815674	-9.361705780029297	-15.009065628051758	7.7376556396484375	-3.968275785446167	6.892285346984863	-9.091656684875488	13.085805892944336	4.128146171569824
4.437380790710449	-9.391805648803711	1.6823567152023315	-2.314908504486084	15.19929027557373	-4.153543949127197	3.724541664123535	-1.307848572731018	-2.5344350337982178	-4.267886161804199
-3.1859889030456543	-20.639799118041992	18.729637145996094	8.028371810913086	3.856790065765381	5.921939849853516	0.522007942199707	3.794919967651367	-5.474402904510498	-6.373597621917725
-2.747770071029663	5.150987148284912	-5.824749946594238	11.85451889038086	-5.387390613555908	-6.884993553161621	-4.192035675048828	17.860254287719727	-9.634410858154297	0.792345404624939
-2.481936454772949	3.223306894302368	-10.401575088500977	-15.919014930725098	7.331153869628906	-4.190889835357666	7.096742630004883	-9.37053108215332	13.699492454528809	4.605541706085205
-2.758263349533081	3.54217529296875	-4.6815338134765625	12.290151596069336	-4.327434062957764	-5.806430339813232	-4.790045738220215	17.050832748413086	-9.59157943725586	1.0647737979888916
4.272763252258301	-11.017366409301758	3.7989280223846436	-1.4966683387756348	16.379470825195312	-5.327178478240967	4.971328258514404	-0.4001922607421875	-3.701946973800659	-6.01888370513916
-3.586304187774658	-20.86988067626953	19.69292449951172	11.04511547088623	3.692936658859253	4.858974456787109	0.1815524846315384	5.211740493774414	-6.621339321136475	-7.94836950302124
2.4691104888916016	-7.250157833099365	0.8414943814277649	-4.4975056648254395	12.641946792602539	-4.160591125488281	4.307422637939453	-1.5619007349014282	-0.5007141828536987	-2.7386460304260254
9.056233406066895	-2.386819362640381	-4.787342071533203	-3.172471761703491	6.236480712890625	-2.8671977519989014	0.5949367880821228	-2.1040377616882324	-0.12587526440620422	-1.2775237560272217
-1.4430193901062012	2.084627389907837	-10.01289176940918	-14.083172798156738	7.572965621948242	-3.835036516189575	5.856058120727539	-8.678611755371094	12.711268424987793	4.022181034088135
-3.934659481048584	17.36433982849121	-20.00160026550293	-8.431808471679688	-2.5664803981781006	-11.711234092712402	2.9010655879974365	5.382626533508301	5.392483234405518	8.550300598144531
-3.9607937335968018	-21.78032875061035	20.099937438964844	12.758758544921875	1.0726213455200195	8.974297523498535	-2.9516236782073975	4.7917280197143555	-6.52665376663208	-5.636590003967285
1.884035348892212	-7.2025675773620605	1.9146891832351685	-5.575923442840576	12.322760581970215	-5.635490894317627	6.808284759521484	-0.9842339754104614	-0.7080433964729309	-4.015303134918213
2.8163256645202637	-7.235002517700195	-0.08449024707078934	-5.304779529571533	13.043039321899414	-3.8450348377227783	4.519827842712402	-2.5844054222106934	0.48008981347084045	-2.5024569034576416
-3.393510341644287	5.491147041320801	-14.5145902633667	0.07115640491247177	-4.42850399017334	3.6820366382598877	-7.578716278076172	4.291635990142822	0.14133039116859436	15.185042381286621
14.278252601623535	-3.7260634899139404	-4.470836639404297	-1.139417290687561	5.616077423095703	-3.7093381881713867	-0.5997106432914734	-2.1443958282470703	-1.588494062423706	-2.960008144378662
-3.7930123805999756	18.9864559173584	-20.082080841064453	-8.303447723388672	-3.6624042987823486	-14.061785697937012	4.071437835693359	8.508702278137207	2.4420008659362793	7.545512676239014
-4.663949966430664	2.1650404930114746	-2.834667921066284	-12.210901260375977	3.1733405590057373	-8.592243194580078	10.923969268798828	-0.7625542283058167	6.692111968994141	-0.17687100172042847
-3.4501285552978516	8.79745864868164	-18.387985229492188	-1.3004052639007568	-4.522200584411621	1.79472017288208	-7.464786529541016	4.290342807769775	1.241848111152649	16.49141502380371
3.99019193649292	-11.394922256469727	3.718027114868164	-1.9662967920303345	16.087656021118164	-4.029953479766846	4.441066265106201	-0.9221973419189453	-3.2817392349243164	-5.440961837768555
-4.523416519165039	-12.851877212524414	4.027214050292969	7.385015964508057	-3.6043012142181396	16.50860023498535	-9.555880546569824	2.9970006942749023	-5.114810943603516	9.547693252563477
-4.417385578155518	-6.603801250457764	5.235996246337891	25.825580596923828	-8.955452919006348	5.409784317016602	-13.33532428741455	15.979684829711914	-11.695699691772461	1.8137922286987305
-3.2581429481506348	2.41780948638916	-9.325582504272461	-13.886157989501953	5.386125087738037	-2.5844430923461914	5.5412139892578125	-8.43601131439209	13.336373329162598	4.879437446594238
-4.816756725311279	-8.949140548706055	7.862370491027832	28.4296817779541	-10.259651184082031	8.407707214355469	-15.273963928222656	15.702731132507324	-12.580889701843262	2.1260504722595215
9.771360397338867	-1.746557354927063	-5.979617118835449	-3.530344247817993	6.147414207458496	-3.2635202407836914	0.35619962215423584	-2.39302396774292	0.3672160506248474	-0.9664961099624634
3.9062299728393555	-11.477421760559082	3.4743833541870117	-2.112818956375122	16.873165130615234	-4.717850685119629	4.698690891265869	-0.6361165046691895	-3.4619569778442383	-5.298364639282227
-3.2666373252868652	20.85174560546875	-23.000202178955078	-5.023164749145508	-4.941486835479736	-12.58847427368164	0.2152395397424698	9.262589454650879	2.1556715965270996	9.812009811401367
-2.4007911682128906	4.462181568145752	-4.813783645629883	14.884306907653809	-5.132184028625488	-6.559205055236816	-5.863036155700684	18.651247024536133	-11.111983299255371	0.21442383527755737
-3.84706449508667	-20.547494888305664	22.354780197143555	7.955591678619385	4.551452159881592	1.625258207321167	4.587771892547607	5.146695613861084	-6.4837822914123535	-10.812044143676758
-3.458674430847168	7.727261543273926	-17.575946807861328	-3.686230421066284	-3.988103151321411	3.4317901134490967	-6.789524078369141	1.9047536849975586	2.8246216773986816	16.95738410949707
11.96660327911377	-2.1221964359283447	-5.4554266929626465	-2.959918260574341	5.037147045135498	-3.3844783306121826	0.2610826790332794	-2.2241907119750977	-0.3163061738014221	-1.9500919580459595
-2.2630882263183594	3.1006996631622314	-9.944743156433105	-15.745651245117188	7.692370414733887	-4.309680461883545	7.107396125793457	-9.44616985321045	13.592915534973145	4.395179748535156
3.773233413696289	-11.597736358642578	3.8611879348754883	-1.3646005392074585	16.566753387451172	-3.944140672683716	3.9866995811462402	-0.8651440143585205	-3.2118778228759766	-5.659235954284668
-4.023134231567383	0.7509316205978394	-1.8259955644607544	-11.512682914733887	3.8676750659942627	-8.58670425415039	10.913537979125977	0.2011519968509674	4.762609481811523	-0.7045217156410217
-3.0946171283721924	3.7858972549438477	-12.676005363464355	2.481436014175415	-5.194527626037598	5.68873405456543	-9.084959030151367	5.199634075164795	-2.084207057952881	15.084220886230469
-3.0003488063812256	9.434606552124023	-4.405129432678223	7.362534999847412	-5.425989151000977	-15.71888542175293	4.157470226287842	22.323497772216797	-12.6198148727417	-4.571394920349121
-2.7465009689331055	-20.757247924804688	18.64185905456543	6.850935459136963	6.200995445251465	4.220170974731445	1.9955708980560303	3.1941280364990234	-5.087613582611084	-8.160812377929688
10.411600112915039	-3.0614750385284424	-4.95473575592041	-2.914076566696167	6.272092819213867	-2.8121774196624756	0.16232162714004517	-2.334911584854126	-0.19902867078781128	-1.5265514850616455
-2.35520601272583	2.6988582611083984	-10.135429382324219	-15.404810905456543	6.940557956695557	-3.6955440044403076	6.488389015197754	-9.4766845703125	13.935446739196777	4.501700401306152
12.63708782196045	-2.6252329349517822	-5.45419979095459	-2.788790225982666	4.990962982177734	-3.060957908630371	-0.16414152085781097	-2.5842690467834473	-0.04530453309416771	-2.026846408843994
-4.416505813598633	3.6058897972106934	-14.250443458557129	-2.247072458267212	-5.077462196350098	7.4700927734375	-7.945884704589844	1.8512450456619263	2.193575382232666	17.689573287963867
-3.804995536804199	-19.754817962646484	19.725852966308594	10.832416534423828	1.82102632522583	4.358853340148926	0.2637767195701599	6.025367259979248	-6.4924421310424805	-7.260815620422363
-3.3398005962371826	-21.579771041870117	20.718280792236328	12.383577346801758	2.885288715362549	6.0494771003723145	-1.2417681217193604	5.291209697723389	-7.1767258644104	-7.4503679275512695
-3.7795822620391846	-22.464895248413086	21.572893142700195	10.725112915039062	3.2112300395965576	8.081281661987305	-0.6183594465255737	3.719388008117676	-6.552109241485596	-7.590198993682861
-4.312569618225098	1.0845686197280884	-3.4363369941711426	-9.500639915466309	2.151247024536133	-6.050844192504883	7.989228248596191	0.29787930846214294	4.910966873168945	1.5656886100769043
13.156256675720215	-3.164201021194458	-4.616436958312988	-1.3532925844192505	5.696824550628662	-3.6892521381378174	-0.21655209362506866	-1.5599961280822754	-1.6257281303405762	-2.7199883460998535
-2.3024635314941406	18.51923370361328	-21.021902084350586	-2.755150079727173	-4.585892677307129	-11.847177505493164	-0.8358418345451355	11.029869079589844	-0.7259823083877563	8.768474578857422
-3.3622822761535645	6.427316188812256	-16.55809783935547	-2.7215049266815186	-4.185201644897461	4.731304168701172	-7.633368968963623	2.443167209625244	1.1195194721221924	17.415891647338867
-4.170167446136475	-6.9805073738098145	6.150411605834961	27.388992309570312	-8.507518768310547	4.429224491119385	-13.45914363861084	16.79420280456543	-12.740362167358398	0.5344355702400208
-3.3866329193115234	-20.603239059448242	20.257915496826172	10.491165161132812	4.249668598175049	4.089234828948975	0.729518473148346	4.780081272125244	-6.592665672302246	-8.427910804748535
11.295087814331055	-2.678069829940796	-4.468738555908203	-2.080162763595581	5.53036642074585	-3.370628833770752	0.28581947088241577	-1.7198375463485718	-0.8616914749145508	-2.3789222240448
-2.6462013721466064	6.98253870010376	-15.342570304870605	1.6108239889144897	-4.491543769836426	2.1655313968658447	-8.176430702209473	5.43602991104126	-1.1345577239990234	14.234764099121094
-3.0342257022857666	-22.157917022705078	21.89440155029297	10.618359565734863	3.9662890434265137	6.879696369171143	-0.2840458154678345	3.6298811435699463	-6.396458148956299	-8.555656433105469
-4.815208911895752	6.508181095123291	-5.82752799987793	-12.362578392028809	2.134845733642578	-12.234091758728027	12.027227401733398	1.7217646837234497	5.572244167327881	0.2603446841239929
11.652837753295898	-1.5616542100906372	-5.637943267822266	-2.816671133041382	4.8834004402160645	-3.6053922176361084	0.1920628696680069	-2.038149118423462	-0.08578372001647949	-1.8072861433029175
-3.328071117401123	17.27556037902832	-19.534345626831055	-5.947628021240234	-3.8075315952301025	-10.291497230529785	0.7452937960624695	6.149533748626709	3.663086414337158	9.191324234008789
-2.9713144302368164	5.035350322723389	-7.559922695159912	12.04986572265625	-5.062100887298584	-4.78769063949585	-6.139914512634277	16.69142723083496	-8.857489585876465	3.256612539291382
3.339212417602539	-9.764243125915527	2.522487163543701	-3.4808261394500732	15.467779159545898	-4.552430629730225	4.873641490936279	-1.5573996305465698	-1.9178731441497803	-4.392923355102539
-3.560059070587158	-20.52976417541504	21.264699935913086	9.580485343933105	3.4800102710723877	3.2343227863311768	2.1664161682128906	5.187847137451172	-6.495110988616943	-9.078041076660156
-3.438621997833252	-24.559560775756836	22.445911407470703	10.110748291015625	4.654393196105957	9.39743423461914	-0.9249276518821716	2.6730403900146484	-5.6456618309021	-8.389289855957031
-3.5415139198303223	4.725337505340576	-14.689626693725586	-3.1727473735809326	-3.9228532314300537	5.221129894256592	-6.711871147155762	1.7579607963562012	1.8609484434127808	16.28013801574707
-2.3463995456695557	6.471036434173584	-7.061676025390625	10.728342056274414	-4.661761283874512	-8.081689834594727	-3.9051668643951416	18.084972381591797	-10.094574928283691	1.1212644577026367
-3.5693373680114746	20.023286819458008	-21.964012145996094	-5.816578388214111	-5.078139305114746	-12.590910911560059	1.1523380279541016	8.639641761779785	2.897801399230957	9.168327331542969
-4.615637302398682	-6.340270042419434	4.526285171508789	27.194358825683594	-9.917463302612305	6.822993755340576	-14.884044647216797	16.46485710144043	-12.362578392028809	3.0703163146972656
