-97.30253601074219	7.859597206115723	-18.649499893188477	11.80935001373291	-106.11917114257812	19.314733505249023	-39.936641693115234	12.779447555541992	-28.72683334350586	-4.242124080657959
-4.648769855499268	-19.880016326904297	-8.334992408752441	-18.911354064941406	-16.67068099975586	-43.209320068359375	0.3154645562171936	-60.49225997924805	6.745397090911865	-0.2273997664451599
15.940800666809082	-54.780086517333984	-20.407621383666992	-18.814334869384766	24.350656509399414	-97.83256530761719	20.069068908691406	-109.88404083251953	3.200028657913208	10.414310455322266
-58.802764892578125	-2.535616636276245	-9.09408187866211	-11.177011489868164	-66.86659240722656	-14.17676067352295	-17.846675872802734	-34.488521575927734	-13.285226821899414	0.28339672088623047
-160.19412231445312	6.770548343658447	-48.09830856323242	59.399200439453125	-170.7571258544922	40.00801086425781	-80.36585998535156	52.04551315307617	-50.966007232666016	-4.961291790008545
-46.72645568847656	-5.379542350769043	6.2284393310546875	-18.841575622558594	-49.96006774902344	-26.51115608215332	-2.853358030319214	-50.5421028137207	-14.287819862365723	-5.898802757263184
-99.62886047363281	8.051239013671875	-18.41259002685547	11.660272598266602	-108.66127014160156	19.369783401489258	-40.341880798339844	12.102779388427734	-29.523069381713867	-4.668540954589844
-112.91111755371094	7.547207832336426	-26.688743591308594	26.731464385986328	-121.3358383178711	27.336566925048828	-50.74691390991211	34.497947692871094	-34.83372116088867	-4.492559909820557
-100.48011016845703	8.0578031539917	-19.761037826538086	13.760943412780762	-108.9728775024414	20.845989227294922	-41.65928649902344	15.705058097839355	-30.024009704589844	-4.168928623199463
-64.88043975830078	2.059201240539551	-8.183959007263184	-8.661876678466797	-73.82754516601562	-5.919632911682129	-21.076335906982422	-25.219743728637695	-16.076126098632812	-2.107839345932007
-43.7729606628418	-10.021742820739746	-7.322569847106934	-13.715555191040039	-50.43559646606445	-28.326261520385742	-9.370884895324707	-47.852970123291016	-8.105612754821777	0.8335768580436707
-151.7639923095703	6.714695930480957	-43.209842681884766	55.143035888671875	-161.10047912597656	37.640357971191406	-74.13243865966797	49.64704513549805	-48.72531509399414	-5.4059343338012695
-8.234063148498535	-22.68378257751465	-4.3327507972717285	-17.8044490814209	-10.542023658752441	-48.753334045410156	6.378480911254883	-65.10021209716797	-0.3075266182422638	1.8052277565002441
-65.73387908935547	1.8994592428207397	-4.641259670257568	-11.727871894836426	-73.76544952392578	-9.027631759643555	-18.384944915771484	-31.172855377197266	-17.544973373413086	-3.5990684032440186
-1.6484428644180298	-22.225210189819336	-6.962979793548584	-20.709930419921875	-12.387214660644531	-48.1148681640625	3.1011312007904053	-66.43388366699219	6.016114234924316	-0.3537660241127014
-160.57603454589844	6.762147903442383	-46.72236251831055	59.465187072753906	-170.48190307617188	39.81926345825195	-79.308349609375	52.09081268310547	-51.69355392456055	-5.687627792358398
-72.2216567993164	4.915812969207764	-7.109353542327881	-6.183631420135498	-80.84031677246094	0.08553579449653625	-23.419292449951172	-18.47279167175293	-19.84115982055664	-4.337427139282227
14.339259147644043	-44.452232360839844	-15.626972198486328	-17.870201110839844	19.7122745513916	-81.09204864501953	15.586591720581055	-93.14362335205078	3.6565818786621094	8.178362846374512
-142.89393615722656	7.892557144165039	-36.802608489990234	41.91877746582031	-152.49148559570312	35.2957763671875	-66.75862884521484	47.46876907348633	-45.075801849365234	-5.544401168823242
-64.3714370727539	2.101627826690674	-7.75398588180542	-10.046744346618652	-73.79132080078125	-6.528570175170898	-20.746261596679688	-27.140335083007812	-15.842886924743652	-2.503751754760742
-118.06644439697266	6.821023941040039	-30.544719696044922	32.6413459777832	-126.81063842773438	29.287384033203125	-55.37858581542969	38.99812698364258	-36.86579513549805	-4.483591556549072
-112.39643859863281	7.233469009399414	-26.991867065429688	28.02764892578125	-120.92581176757812	27.464590072631836	-50.95445251464844	35.786136627197266	-34.779014587402344	-4.742541313171387
0.13045762479305267	-23.940656661987305	-8.463278770446777	-20.197629928588867	-10.26111888885498	-50.25144958496094	3.2537858486175537	-67.86286163330078	6.512672424316406	0.7068771719932556
-5.083819389343262	-20.353994369506836	-9.454645156860352	-19.32373046875	-18.551328659057617	-44.14302444458008	-0.6829527020454407	-62.082969665527344	7.7533135414123535	-0.27753204107284546
-2.4601387977600098	-21.41764259338379	-7.821521759033203	-19.93494987487793	-13.949481964111328	-46.196678161621094	1.8307498693466187	-64.00608825683594	6.587101936340332	-0.2266259789466858
-162.7831573486328	6.851499557495117	-48.1489143371582	60.47074508666992	-173.36080932617188	40.51995086669922	-81.1156997680664	52.8740119934082	-52.05752944946289	-5.500823974609375
-94.34199523925781	7.687292098999023	-15.928467750549316	6.516247272491455	-102.30096435546875	15.130945205688477	-36.47764205932617	4.0651421546936035	-27.862327575683594	-3.5536117553710938
-87.67852783203125	6.902963638305664	-14.080342292785645	4.390603542327881	-95.7986831665039	12.166589736938477	-33.282264709472656	-0.023852474987506866	-25.49732208251953	-3.5518922805786133
-99.20174407958984	8.06745433807373	-19.417509078979492	13.642454147338867	-107.71577453613281	20.896203994750977	-41.09938049316406	16.101858139038086	-29.62249755859375	-4.3577470779418945
-158.39186096191406	6.66630744934082	-47.12177276611328	58.769866943359375	-168.69601440429688	39.49612045288086	-79.12141418457031	51.435428619384766	-50.58796691894531	-5.133093357086182
15.047334671020508	-45.50286865234375	-15.923781394958496	-18.551918029785156	20.238670349121094	-83.14188385009766	15.95519733428955	-95.74614715576172	3.9237539768218994	8.081589698791504
15.501391410827637	-53.101802825927734	-19.174745559692383	-19.065290451049805	23.722755432128906	-95.5406723022461	19.708736419677734	-108.09184265136719	2.894366979598999	9.812716484069824
-49.7939338684082	-6.509010314941406	-9.166638374328613	-11.835799217224121	-58.116180419921875	-21.23219108581543	-14.190167427062988	-40.61825180053711	-9.517083168029785	0.6575911641120911
-8.5328369140625	-21.704050064086914	-2.609734535217285	-21.90073585510254	-13.783097267150879	-49.41999816894531	6.332678318023682	-69.41864013671875	0.5096203088760376	-0.4140929579734802
14.04685115814209	-41.78782272338867	-13.067767143249512	-19.27801513671875	18.425647735595703	-78.05916595458984	15.244818687438965	-91.8301773071289	3.156750440597534	6.534760475158691
-49.83963394165039	-4.094614028930664	4.2278666496276855	-17.41956329345703	-52.89979934692383	-22.9008846282959	-5.0741658210754395	-46.09207534790039	-15.238202095031738	-4.344820022583008
-105.09042358398438	8.148797988891602	-22.298725128173828	17.87759780883789	-113.75129699707031	23.54191780090332	-45.08135986328125	21.988056182861328	-31.688100814819336	-4.223762512207031
-96.35006713867188	7.782809257507324	-17.120452880859375	8.188767433166504	-105.04299926757812	16.5045108795166	-38.16175842285156	6.356726169586182	-28.245128631591797	-3.889423370361328
-4.971127986907959	-24.33970069885254	-4.333466529846191	-20.11066436767578	-8.06125545501709	-52.310211181640625	7.382132053375244	-70.18405151367188	0.5742651224136353	1.3428601026535034
-2.961967706680298	-24.05956268310547	-6.167301177978516	-19.446918487548828	-9.280976295471191	-50.88880157470703	5.543865203857422	-67.95508575439453	3.2132647037506104	1.3053559064865112
15.07898235321045	-50.035945892333984	-18.55074691772461	-17.75615692138672	22.097917556762695	-89.8736343383789	17.798221588134766	-101.3707046508789	3.524139404296875	9.635080337524414
-6.2274980545043945	-19.10429573059082	-7.107503890991211	-20.10101890563965	-18.50701332092285	-42.93194580078125	0.49945735931396484	-61.54616165161133	6.217729568481445	-0.9837287068367004
14.772276878356934	-42.35680389404297	-14.930543899536133	-17.908321380615234	17.79014778137207	-77.73833465576172	14.104633331298828	-89.93184661865234	4.566913604736328	7.3861870765686035
-1.7803163528442383	-25.918498992919922	-5.778452396392822	-20.2640438079834	-6.487789630889893	-54.44829559326172	7.296114444732666	-71.97086334228516	2.3379297256469727	1.7454279661178589
-102.11236572265625	8.252723693847656	-19.922130584716797	12.546698570251465	-111.45214080810547	20.472627639770508	-42.217864990234375	13.557107925415039	-30.0614070892334	-4.292872905731201
-64.00029754638672	-2.653799533843994	-10.682247161865234	-11.077373504638672	-72.46134185791016	-14.507259368896484	-20.035791397094727	-35.76599884033203	-14.48133373260498	0.7844462394714355
-46.43031692504883	-4.360908031463623	5.523252010345459	-17.815677642822266	-51.02013397216797	-24.18499183654785	-4.036907196044922	-47.546627044677734	-13.623697280883789	-6.015347480773926
-154.86180114746094	6.619156837463379	-45.9201545715332	57.038047790527344	-165.01193237304688	38.65209197998047	-77.20584869384766	50.46084213256836	-49.321964263916016	-4.9326372146606445
-51.65632247924805	-6.777642250061035	-8.260502815246582	-13.663664817810059	-59.70845413208008	-23.073564529418945	-13.617033958435059	-44.39175796508789	-10.400751113891602	0.4144132733345032
-51.16459655761719	-4.934805393218994	5.269503593444824	-15.261140823364258	-50.4185905456543	-23.670549392700195	-3.738659620285034	-45.30349349975586	-17.6093807220459	-3.968444347381592
-116.75720977783203	7.503694534301758	-28.352752685546875	29.16307258605957	-125.275146484375	28.5671329498291	-53.09077072143555	37.200077056884766	-36.16409683227539	-4.593281269073486
-51.669700622558594	-6.487639427185059	-8.986798286437988	-12.321104049682617	-59.55764389038086	-21.421239852905273	-14.28391170501709	-41.39200973510742	-10.37903118133545	0.9010222554206848
-5.241973400115967	-24.505720138549805	-4.246680736541748	-20.224889755249023	-8.064750671386719	-52.70528793334961	7.525732517242432	-70.66017150878906	0.36501094698905945	1.3481162786483765
-162.2938995361328	6.86931037902832	-47.66526794433594	59.868370056152344	-171.72756958007812	40.242393493652344	-80.36576843261719	52.53836441040039	-52.246437072753906	-5.175513744354248
18.90778160095215	-125.8614501953125	-55.63320541381836	-18.012582778930664	54.90962600708008	-207.69105529785156	50.833553314208984	-209.61721801757812	-3.189181327819824	30.953256607055664
-56.750789642333984	-4.218101978302002	-9.292928695678711	-11.893644332885742	-65.1488265991211	-17.51327133178711	-16.828227996826172	-38.19123077392578	-12.098423957824707	0.4833871126174927
-45.0551872253418	-6.108180522918701	5.8387627601623535	-17.192262649536133	-45.60293197631836	-26.28217124938965	-1.9533597230911255	-48.519588470458984	-14.972108840942383	-4.657196044921875
-14.71590518951416	-18.039342880249023	-4.311687469482422	-17.55592155456543	-20.3715763092041	-41.36018371582031	2.5754876136779785	-58.69675064086914	0.3098026216030121	0.4786500930786133
-154.72959899902344	7.120589256286621	-44.33171081542969	54.47992706298828	-164.1840362548828	38.46764373779297	-75.7087631225586	50.57851791381836	-49.38231658935547	-4.862850666046143
-76.19580078125	5.536785125732422	-9.463447570800781	-4.021450042724609	-85.35646057128906	3.3867650032043457	-26.490510940551758	-14.008859634399414	-20.866458892822266	-4.031813621520996
-3.501119613647461	-21.141328811645508	-9.272198677062988	-18.797080993652344	-15.85926342010498	-45.09904479980469	0.3108251690864563	-62.23366928100586	7.352562427520752	0.13079291582107544
-47.248680114746094	-4.113430500030518	4.4199981689453125	-14.873035430908203	-47.750614166259766	-21.1788387298584	-4.119702339172363	-41.70267868041992	-15.628241539001465	-3.552687168121338
-123.53878021240234	6.391308784484863	-33.72415542602539	38.921913146972656	-132.54637145996094	30.747051239013672	-59.378204345703125	40.64914321899414	-38.85348892211914	-4.600374221801758
-156.4168243408203	6.806331634521484	-43.726009368896484	56.96488571166992	-165.33795166015625	38.5497932434082	-75.65828704833984	50.93804931640625	-50.72368240356445	-6.022740364074707
-157.4263153076172	6.593379974365234	-46.244747161865234	58.45978927612305	-167.20889282226562	39.103515625	-78.12664031982422	51.01887512207031	-50.64230728149414	-5.392744541168213
17.220094680786133	-56.417381286621094	-21.49085235595703	-19.159751892089844	24.957687377929688	-100.48194122314453	20.107540130615234	-112.55972290039062	4.1137285232543945	10.613726615905762
-118.59407806396484	7.124732971191406	-30.284908294677734	31.632705688476562	-127.15953063964844	29.304887771606445	-55.18389129638672	38.72324752807617	-36.89049530029297	-4.307531833648682
-64.21357727050781	-0.8642239570617676	-6.559183597564697	-11.6327486038208	-71.08700561523438	-12.83154296875	-17.783004760742188	-34.57709503173828	-16.689638137817383	-1.1836057901382446
17.834022521972656	-192.3377685546875	-90.2385025024414	-17.61688232421875	83.30793762207031	-307.1068420410156	80.27693939208984	-294.7369079589844	-11.4209623336792	51.48086166381836
-73.9173355102539	5.045351982116699	-7.9641852378845215	-6.727283000946045	-82.52505493164062	-0.10697957873344421	-24.32592010498047	-19.57948875427246	-20.0566349029541	-3.6508331298828125
-49.294795989990234	-8.41082763671875	-9.562108039855957	-13.611926078796387	-56.7171516418457	-24.86601448059082	-12.948543548583984	-45.59859848022461	-9.389277458190918	1.6500383615493774
-6.483705043792725	-23.200101852416992	-1.8312805891036987	-23.49317169189453	-10.97118854522705	-52.86627197265625	7.782756328582764	-74.0103530883789	0.17049036920070648	-1.09492027759552
-87.14553833007812	6.743412971496582	-12.022383689880371	4.054070949554443	-94.08568572998047	10.782899856567383	-31.271587371826172	-1.3088546991348267	-26.087757110595703	-4.206503868103027
17.10685920715332	-36.43978500366211	-10.657675743103027	-22.034774780273438	10.879473686218262	-70.64405059814453	10.680488586425781	-86.66669464111328	7.085511207580566	2.736001968383789
-48.134578704833984	-4.269442081451416	4.979877948760986	-17.52915382385254	-51.59326934814453	-23.506511688232422	-4.392276287078857	-46.53800964355469	-14.616408348083496	-5.084835529327393
-114.27980041503906	7.2345781326293945	-27.514923095703125	29.077123641967773	-122.6294937133789	27.975000381469727	-51.84796142578125	36.76701736450195	-35.62496566772461	-4.8762640953063965
-158.49461364746094	7.379727363586426	-43.82841110229492	55.49623489379883	-168.35012817382812	39.25065612792969	-76.37788391113281	52.335845947265625	-50.74033737182617	-5.931391716003418
16.9309139251709	-35.65980911254883	-10.994516372680664	-21.43729591369629	9.891380310058594	-68.94434356689453	9.858548164367676	-84.53357696533203	7.555487632751465	2.7860300540924072
21.78125	-43.59646987915039	-13.674038887023926	-25.37622833251953	14.583952903747559	-83.693603515625	12.543527603149414	-101.8747329711914	9.144461631774902	2.829078197479248
18.576499938964844	-39.614009857177734	-12.838265419006348	-21.82516098022461	12.97935962677002	-75.37178039550781	11.319697380065918	-90.82939147949219	7.871824264526367	3.6270129680633545
-46.065555572509766	-9.575173377990723	-12.374283790588379	-12.172479629516602	-55.4478874206543	-25.483442306518555	-14.20548152923584	-44.650543212890625	-6.591807842254639	2.1469826698303223
-163.8329315185547	6.922980308532715	-48.163936614990234	60.67229080200195	-173.9208984375	40.68356704711914	-81.26013946533203	53.0924186706543	-52.580692291259766	-5.462106704711914
-47.01924514770508	-9.340737342834473	-12.320441246032715	-11.209178924560547	-55.22262954711914	-24.53619956970215	-14.256041526794434	-42.9843635559082	-7.552717685699463	2.5763025283813477
17.074954986572266	-36.27846145629883	-11.36284065246582	-21.8427734375	9.791157722473145	-70.14598083496094	9.914689064025879	-86.12754821777344	7.701420307159424	3.012857437133789
-55.581417083740234	-4.421673774719238	-12.94066333770752	-9.410320281982422	-65.53821563720703	-15.726997375488281	-19.51040267944336	-34.48001480102539	-10.19419002532959	1.5760289430618286
16.982202529907227	-36.156593322753906	-11.580580711364746	-20.960346221923828	10.087039947509766	-69.4391098022461	9.77344799041748	-84.57357025146484	7.6934614181518555	3.159228563308716
-17.411685943603516	-17.080331802368164	0.48038360476493835	-22.593238830566406	-22.741456985473633	-43.61810302734375	4.895776748657227	-65.68699645996094	-2.0625951290130615	-2.3457727432250977
-10.733967781066895	-20.297151565551758	-0.835311770439148	-22.66912269592285	-15.708048820495605	-48.13960266113281	6.452445030212402	-69.21006774902344	-0.5447819232940674	-1.69327712059021
-50.61061096191406	-8.139107704162598	-9.19054126739502	-13.670190811157227	-58.19332504272461	-24.87034034729004	-13.206669807434082	-45.964080810546875	-9.87113094329834	1.2686487436294556
-118.41315460205078	7.274518013000488	-30.213153839111328	30.64753532409668	-127.518798828125	29.293283462524414	-55.1530647277832	38.47145462036133	-36.56203842163086	-4.377039432525635
-50.92245864868164	-3.304797410964966	5.12786865234375	-14.620298385620117	-52.46685028076172	-20.672731399536133	-5.078072547912598	-41.70336151123047	-16.565202713012695	-4.957054138183594
-105.07245635986328	7.937176704406738	-22.641902923583984	19.45960235595703	-113.96485137939453	24.05739974975586	-45.465003967285156	24.598058700561523	-31.741676330566406	-4.605597972869873
-34.890865325927734	-11.525307655334473	3.6394240856170654	-20.134119033813477	-35.55942153930664	-35.6890869140625	1.68838632106781	-58.76095962524414	-10.869743347167969	-3.0185670852661133
-72.13023376464844	5.0263590812683105	-7.508916854858398	-5.820230484008789	-80.36241149902344	0.659790575504303	-23.63833999633789	-17.613811492919922	-19.879568099975586	-3.9230124950408936
20.56903076171875	-44.565670013427734	-14.441279411315918	-23.72576141357422	16.802759170532227	-84.32256317138672	13.694485664367676	-101.11040496826172	7.946319580078125	4.134045124053955
-2.184297800064087	-26.161958694458008	-4.890533924102783	-21.119136810302734	-6.050523281097412	-55.591697692871094	8.018882751464844	-73.92516326904297	1.5437512397766113	1.2642742395401
19.749263763427734	-106.53215789794922	-46.24640655517578	-18.62147331237793	46.51726150512695	-178.264404296875	41.67177963256836	-183.72909545898438	-0.06826426088809967	25.133867263793945
-8.102736473083496	-22.661195755004883	-4.3446879386901855	-18.66469383239746	-11.55211067199707	-49.05376434326172	6.168975353240967	-66.04042053222656	0.26267871260643005	1.4646421670913696
-8.15295124053955	-18.38150978088379	-6.7409987449646	-19.584033966064453	-19.982500076293945	-41.73835754394531	0.25068265199661255	-60.14924621582031	5.535208702087402	-1.0242440700531006
14.065958976745605	-42.803855895996094	-13.510552406311035	-19.355087280273438	19.296640396118164	-79.75188446044922	15.828202247619629	-93.58806610107422	2.921750068664551	6.894085884094238
19.93409538269043	-63.13246536254883	-23.533376693725586	-21.985654830932617	28.2355899810791	-112.93855285644531	22.98227882385254	-127.29605102539062	4.533795356750488	10.818058013916016
24.98892593383789	-49.35770034790039	-15.525404930114746	-28.513320922851562	18.233722686767578	-94.45645904541016	14.822671890258789	-114.81226348876953	9.953194618225098	2.7810144424438477
17.20336151123047	-36.58194351196289	-11.240674018859863	-21.714168548583984	10.369376182556152	-70.66534423828125	10.244661331176758	-86.46943664550781	7.516451835632324	2.963498115539551
15.959424018859863	-34.0560188293457	-9.650065422058105	-22.18756866455078	8.577813148498535	-66.9133071899414	9.824906349182129	-83.41484832763672	6.967371940612793	2.2356059551239014
14.402190208435059	-45.98818588256836	-16.51050567626953	-17.546588897705078	20.35944938659668	-83.32794952392578	16.253530502319336	-94.91300201416016	3.5396037101745605	8.597687721252441
-2.159435510635376	-21.339767456054688	-8.757561683654785	-19.49919891357422	-14.396803855895996	-45.64015197753906	0.9865424036979675	-63.084102630615234	7.348906517028809	-0.06935054808855057
-1.8784425258636475	-21.80218505859375	-7.454285144805908	-20.455913543701172	-13.269773483276367	-47.12995910644531	2.3569042682647705	-65.29703521728516	6.498027801513672	-0.3769320845603943
17.248729705810547	-36.518959045410156	-11.523898124694824	-21.328872680664062	10.407538414001465	-70.2519302368164	10.027260780334473	-85.66967010498047	7.683718681335449	3.072103261947632
-33.61381912231445	-11.162035942077637	3.636735439300537	-19.120567321777344	-33.990962982177734	-34.36376190185547	1.7322577238082886	-56.23139953613281	-10.583425521850586	-2.9279088973999023
-165.69427490234375	7.0907793045043945	-48.496524810791016	61.05901336669922	-176.19244384765625	41.200172424316406	-82.07305908203125	53.95083236694336	-53.0400276184082	-5.584074020385742
-69.53258514404297	3.755751371383667	-7.013922691345215	-9.317876815795898	-78.54210662841797	-4.051199913024902	-22.035327911376953	-25.001596450805664	-18.27110481262207	-3.4241418838500977
-4.799548149108887	-24.431255340576172	-4.326539516448975	-20.203075408935547	-7.6341423988342285	-52.3841552734375	7.493310928344727	-70.25113677978516	0.49190351366996765	1.4342219829559326
-111.85167694091797	7.695479393005371	-26.15651512145996	24.9847354888916	-120.49903106689453	26.86731719970703	-50.046993255615234	32.72126388549805	-34.32242202758789	-4.453805923461914
-96.92717742919922	7.9464592933654785	-18.083087921142578	9.571154594421387	-106.14854431152344	18.185548782348633	-39.33964538574219	9.448542594909668	-28.346223831176758	-4.055527687072754
-120.74119567871094	7.227911949157715	-30.554698944091797	32.28654479980469	-129.46876525878906	29.823930740356445	-56.01591110229492	39.41781997680664	-37.66911697387695	-4.502547264099121
-7.320422172546387	-23.36811637878418	-2.842186689376831	-21.55636215209961	-9.677725791931152	-51.78520965576172	7.702387809753418	-71.13052368164062	-0.6609808206558228	0.5485904812812805
-4.63477897644043	-21.28301429748535	-8.896868705749512	-19.16202163696289	-16.513839721679688	-45.751953125	0.6261871457099915	-63.4323616027832	6.739032745361328	0.15909689664840698
-47.34000778198242	-11.938085556030273	-6.032862186431885	-14.032659530639648	-49.31403732299805	-32.3766975402832	-6.81077241897583	-52.587215423583984	-11.956291198730469	2.3523266315460205
-6.910012245178223	-22.495927810668945	-5.562164783477783	-19.791120529174805	-13.547213554382324	-48.989463806152344	4.653842449188232	-67.0042724609375	2.460527181625366	0.7745565176010132
-160.67198181152344	6.761615753173828	-47.06132888793945	59.555545806884766	-171.22764587402344	39.95807647705078	-79.74555206298828	52.34658432006836	-51.41172790527344	-5.721102237701416
-96.49019622802734	7.885758399963379	-17.609996795654297	8.995494842529297	-106.05397033691406	17.71631622314453	-38.89202117919922	8.670409202575684	-28.110076904296875	-4.405888557434082
-69.05421447753906	4.4486846923828125	-7.5419745445251465	-6.487101078033447	-77.79672241210938	-0.8238334059715271	-22.928443908691406	-19.44716453552246	-18.487871170043945	-3.61348295211792
0.4438924789428711	-26.706533432006836	-6.4791178703308105	-19.633928298950195	-4.629970073699951	-55.12656784057617	7.357453346252441	-71.72832489013672	3.1354994773864746	1.994254469871521
-1.2497785091400146	-22.423368453979492	-9.959479331970215	-19.49918556213379	-13.899669647216797	-47.19968795776367	0.6887168288230896	-64.66268157958984	7.97025203704834	0.42481911182403564
-44.1617317199707	-6.142955780029297	5.8889970779418945	-19.279361724853516	-47.487403869628906	-27.710569381713867	-2.183140993118286	-51.84670639038086	-13.346014976501465	-5.530367374420166
-111.59243774414062	7.981752872467041	-25.428733825683594	23.336645126342773	-120.06708526611328	26.254911422729492	-49.27037811279297	29.85396385192871	-34.07939529418945	-4.263143062591553
18.57728385925293	-39.53826141357422	-12.12000560760498	-22.734546661376953	13.227594375610352	-75.88911437988281	11.78554630279541	-92.2335205078125	7.491849899291992	3.2475767135620117
-114.11127471923828	7.099886417388916	-28.17009925842285	29.13313865661621	-123.24018859863281	28.160932540893555	-52.521244049072266	36.955448150634766	-35.34878158569336	-4.814999103546143
-16.558517456054688	-17.143735885620117	-2.187272310256958	-18.561506271362305	-21.2668399810791	-40.916259765625	3.554192304611206	-59.25823974609375	-1.2536296844482422	-0.22231894731521606
-68.0524673461914	3.8038065433502197	-7.09570837020874	-8.295141220092773	-76.41151428222656	-3.044372081756592	-21.778831481933594	-22.72827911376953	-18.162567138671875	-3.0327699184417725
-9.861388206481934	-17.819381713867188	-6.234610557556152	-19.62712287902832	-21.268144607543945	-41.07889938354492	0.23408550024032593	-59.82138442993164	4.829958915710449	-1.0763849020004272
-12.603163719177246	-20.03045654296875	-2.6695504188537598	-19.260087966918945	-16.449003219604492	-45.74381637573242	5.3653717041015625	-64.0845718383789	-0.8194851875305176	0.3030073046684265
-121.0608139038086	7.2005109786987305	-31.2591552734375	32.530548095703125	-129.9227752685547	29.98579216003418	-56.651649475097656	39.6461181640625	-37.617916107177734	-4.28409481048584
-161.98207092285156	6.748418807983398	-47.85709762573242	60.31747817993164	-172.41831970214844	40.29476547241211	-80.68921661376953	52.55185317993164	-51.94782638549805	-5.576962471008301
-158.01675415039062	6.748166084289551	-47.31208801269531	58.39244079589844	-168.60098266601562	39.506195068359375	-79.18514251708984	51.4581413269043	-50.1744270324707	-4.923130512237549
-6.59756326675415	-20.084386825561523	-7.693078994750977	-19.822952270507812	-17.836938858032227	-44.22552490234375	0.8839754462242126	-62.57075119018555	5.695403099060059	-0.1113467887043953
16.87015724182129	-56.59285354614258	-21.102989196777344	-19.289905548095703	25.15556526184082	-101.1131820678711	20.637168884277344	-113.48408508300781	3.5779402256011963	10.43100643157959
-42.31294631958008	-5.771817207336426	3.602963447570801	-16.50662612915039	-45.63424301147461	-24.72583770751953	-3.3768646717071533	-46.0119743347168	-12.343132019042969	-3.8803975582122803
-121.75918579101562	7.623530387878418	-30.571861267089844	31.070796966552734	-130.41441345214844	29.97637367248535	-56.157840728759766	39.15988540649414	-37.741798400878906	-4.211990833282471
-1.4505103826522827	-22.25556755065918	-6.110315322875977	-21.11262321472168	-11.410553932189941	-48.38068389892578	3.940622091293335	-66.88823699951172	5.382678985595703	-0.4009013772010803
-118.56107330322266	6.995666027069092	-29.964740753173828	32.256866455078125	-127.28359985351562	29.288619995117188	-55.00538635253906	38.94623565673828	-37.05779266357422	-4.777229309082031
14.620928764343262	-49.21583938598633	-17.18168830871582	-18.478818893432617	22.014280319213867	-89.27254486083984	18.275596618652344	-101.69434356689453	2.7191319465637207	8.806204795837402
-44.4800910949707	-7.320794582366943	4.934412479400635	-18.850168228149414	-45.297420501708984	-28.831457138061523	-1.5687007904052734	-52.26844787597656	-14.39490032196045	-3.848752498626709
15.538199424743652	-46.0480842590332	-16.550018310546875	-18.097888946533203	20.3708438873291	-83.67412567138672	15.844755172729492	-95.69683837890625	4.36494779586792	8.123015403747559
16.531272888183594	-36.00516891479492	-11.462262153625488	-20.375919342041016	10.527825355529785	-68.94104766845703	10.012110710144043	-83.59529876708984	7.2310099601745605	3.4070849418640137
-7.776278972625732	-18.73882484436035	-7.988312244415283	-18.926570892333984	-19.888517379760742	-41.687156677246094	-0.42080169916152954	-59.52743148803711	6.147072792053223	-0.4110525846481323
-65.21226501464844	2.718944787979126	-5.408933639526367	-9.988539695739746	-73.2630386352539	-6.368330001831055	-19.312732696533203	-26.977149963378906	-17.37510871887207	-3.380255699157715
-51.09712219238281	-2.8752293586730957	5.164716720581055	-14.809350967407227	-54.644126892089844	-20.56682014465332	-5.752094268798828	-41.92770767211914	-15.74364948272705	-6.026675701141357
14.917902946472168	-46.835933685302734	-16.32916831970215	-18.524818420410156	20.90388298034668	-85.40715026855469	16.852542877197266	-97.98345184326172	3.471230983734131	8.256423950195312
14.960076332092285	-44.22080993652344	-15.664904594421387	-18.413909912109375	19.29810905456543	-80.9422836303711	15.117514610290527	-93.51705169677734	4.242127418518066	7.999092102050781
-50.06119155883789	-7.630512237548828	-9.518387794494629	-11.693126678466797	-57.311458587646484	-23.028154373168945	-13.619795799255371	-42.31112289428711	-9.84276294708252	1.3991578817367554
21.710433959960938	-44.56770324707031	-14.0328950881958	-25.194576263427734	15.978192329406738	-85.14119720458984	13.369366645812988	-103.12615203857422	8.7169828414917	3.2785959243774414
-55.50823974609375	-1.5556023120880127	-6.815016269683838	-11.32244873046875	-64.62702941894531	-13.506429672241211	-16.50847625732422	-33.585636138916016	-12.366597175598145	-1.8269962072372437
-4.640192985534668	-23.506399154663086	-5.182174205780029	-19.798765182495117	-10.192997932434082	-50.36943817138672	5.941034317016602	-67.87531280517578	2.2106757164001465	1.18630051612854
-50.45263671875	-6.915143966674805	-9.617518424987793	-11.345849990844727	-58.17622756958008	-21.62981605529785	-14.24929428100586	-40.6175651550293	-9.834898948669434	1.1997770071029663
15.242886543273926	-48.69081115722656	-16.341716766357422	-19.983861923217773	21.988489151000977	-89.41040802001953	18.149646759033203	-103.49007415771484	2.93766450881958	8.26326847076416
-91.46996307373047	7.261388778686523	-14.694518089294434	5.239466667175293	-99.99214172363281	13.265498161315918	-34.83766174316406	0.9359010457992554	-26.664480209350586	-4.125703811645508
-155.1373291015625	6.4919633865356445	-46.011043548583984	57.7786979675293	-165.82223510742188	38.71919250488281	-77.52713012695312	50.537757873535156	-49.42085647583008	-5.423877239227295
-6.7770466804504395	-19.777650833129883	-10.167820930480957	-18.001941680908203	-20.048358917236328	-42.49286651611328	-1.629656195640564	-59.609554290771484	7.580081939697266	0.15756183862686157
-156.8284149169922	6.560276985168457	-45.815731048583984	58.40446090698242	-167.1963348388672	38.97925567626953	-77.73812103271484	50.9094123840332	-50.29447555541992	-5.759986877441406
17.305835723876953	-36.75126266479492	-10.972991943359375	-22.124141693115234	10.951617240905762	-71.11265563964844	10.646698951721191	-87.18408966064453	7.274348258972168	2.882167339324951
20.66818618774414	-69.68424224853516	-27.374069213867188	-21.402812957763672	30.87806510925293	-122.69281768798828	25.269359588623047	-135.69619750976562	4.570284843444824	12.9663667678833
-64.00289154052734	2.509586811065674	-3.4806644916534424	-9.717299461364746	-70.72592163085938	-7.055524826049805	-17.4222354888916	-26.960418701171875	-17.96524429321289	-3.8035402297973633
-112.5837173461914	7.502358436584473	-26.8015079498291	26.788616180419922	-120.94561767578125	27.35141372680664	-50.72023010253906	34.93092346191406	-34.71019744873047	-4.460268974304199
-52.381805419921875	-2.084455728530884	4.722850322723389	-13.498401641845703	-55.900325775146484	-18.62380027770996	-6.719228744506836	-39.048587799072266	-16.219778060913086	-6.059567451477051
-60.98593521118164	-0.782882809638977	-4.837586879730225	-12.458824157714844	-68.10102844238281	-13.344758987426758	-15.973898887634277	-34.82006072998047	-15.739033699035645	-2.0700583457946777
15.510245323181152	-33.88163375854492	-10.963448524475098	-20.431819915771484	7.657327175140381	-65.5490493774414	8.678447723388672	-80.60613250732422	7.63709831237793	2.901885986328125
-6.496992588043213	-19.152936935424805	-7.817439079284668	-19.69681167602539	-19.47462272644043	-42.79820251464844	-0.22997432947158813	-61.18439483642578	6.770227432250977	-0.9598949551582336
15.320426940917969	-51.314815521240234	-18.509193420410156	-18.713537216186523	22.857418060302734	-92.60453033447266	18.753686904907227	-105.00959777832031	3.147118091583252	9.495600700378418
-3.712902307510376	-24.382993698120117	-5.644107341766357	-19.72153091430664	-9.256780624389648	-51.827396392822266	6.189866065979004	-69.20642852783203	2.466543197631836	1.3940346240997314
-51.15252685546875	-6.821987628936768	-9.794824600219727	-12.328523635864258	-59.7841796875	-22.026811599731445	-14.715147972106934	-42.06203079223633	-9.586918830871582	0.9000019431114197
-113.92416381835938	7.66879940032959	-27.10354232788086	26.564199447631836	-122.3742904663086	27.534889221191406	-51.317176818847656	34.314090728759766	-35.11027145385742	-4.32114315032959
-31.40337371826172	-12.383042335510254	4.1507086753845215	-22.20973777770996	-33.25040817260742	-38.06907653808594	2.878028154373169	-62.36138916015625	-9.274499893188477	-3.8445253372192383
15.80463695526123	-34.35163116455078	-9.67027759552002	-21.697019577026367	9.478255271911621	-67.18306732177734	10.187920570373535	-83.21404266357422	6.5398664474487305	2.530953884124756
-8.076926231384277	-18.845571517944336	-6.178064346313477	-19.49612808227539	-18.52215003967285	-42.52067565917969	1.2596219778060913	-60.737606048583984	4.608834266662598	-0.6449922919273376
15.777762413024902	-33.9704704284668	-10.931941032409668	-20.423381805419922	8.022102355957031	-65.6641616821289	8.782118797302246	-80.64165496826172	7.662474632263184	2.8423116207122803
-45.0806999206543	-9.965775489807129	-9.970687866210938	-14.478594779968262	-54.173423767089844	-28.0217227935791	-12.004144668579102	-48.94733810424805	-6.828057289123535	1.1126686334609985
-51.11396026611328	-3.5578224658966064	4.136052131652832	-15.146921157836914	-52.7921257019043	-20.90178680419922	-5.514484405517578	-42.42841720581055	-16.43018341064453	-4.02724027633667
-59.85541915893555	0.6587666273117065	3.1107959747314453	-8.066752433776855	-60.485225677490234	-11.115808486938477	-10.037337303161621	-28.087669372558594	-20.133136749267578	-4.762388229370117
-54.54429244995117	-1.0640780925750732	3.426886558532715	-13.853348731994629	-60.03152847290039	-17.155052185058594	-8.857569694519043	-38.59711837768555	-16.001625061035156	-6.317498207092285
-7.286129474639893	-22.60417366027832	-2.9633593559265137	-21.424592971801758	-11.730969429016113	-50.51191329956055	6.817533493041992	-69.88529205322266	0.42011937499046326	-0.007843799889087677
20.294017791748047	-42.955596923828125	-13.872868537902832	-23.32309341430664	15.193581581115723	-81.54986572265625	12.717041969299316	-98.03350830078125	8.246581077575684	3.72847580909729
-50.84908676147461	-5.109940528869629	-3.6981847286224365	-14.900404930114746	-57.67202377319336	-21.989660263061523	-10.91845417022705	-43.97551345825195	-11.870326042175293	-1.6098352670669556
-42.56856155395508	-10.935503959655762	-12.510543823242188	-10.454656600952148	-50.58085250854492	-26.635290145874023	-12.699034690856934	-43.53281784057617	-5.82511568069458	2.824270725250244
-157.30133056640625	6.765148162841797	-45.86301803588867	57.866458892822266	-167.1807098388672	39.08847427368164	-77.75804901123047	51.24356460571289	-50.37961196899414	-5.363786220550537
-41.856101989746094	-8.00719165802002	6.21346378326416	-20.20137596130371	-42.35170364379883	-30.893537521362305	-0.027915146201848984	-55.082923889160156	-13.852984428405762	-4.891369819641113
17.180919647216797	-36.71976852416992	-11.951255798339844	-20.757476806640625	10.517778396606445	-70.24201202392578	9.900101661682129	-85.14263153076172	7.7533769607543945	3.347012519836426
-57.539493560791016	-2.617572546005249	-12.40056324005127	-10.454282760620117	-69.25384521484375	-13.303136825561523	-20.81846809387207	-33.24167251586914	-10.454146385192871	0.20933252573013306
-56.369449615478516	-1.5088175535202026	3.9712867736816406	-11.955279350280762	-58.168182373046875	-16.84493064880371	-7.859827041625977	-36.77138900756836	-18.27420425415039	-5.054473400115967
-6.310815334320068	-22.932037353515625	-3.886638641357422	-20.9718074798584	-11.676468849182129	-50.55158233642578	6.368236064910889	-69.46623229980469	1.3408466577529907	0.3765525221824646
16.16489601135254	-34.771949768066406	-10.42574405670166	-21.403701782226562	9.238344192504883	-67.57220458984375	9.789355278015137	-83.2704086303711	7.132197380065918	2.7457683086395264
-60.57572555541992	1.2217799425125122	-7.361637592315674	-9.622285842895508	-70.06636047363281	-8.044177055358887	-19.409645080566406	-27.684667587280273	-14.411283493041992	-2.5729732513427734
-114.03767395019531	6.946537971496582	-28.677940368652344	29.920101165771484	-122.34103393554688	28.13075065612793	-52.74634552001953	37.06392288208008	-35.5268669128418	-4.308624267578125
20.213180541992188	-70.23664093017578	-27.967872619628906	-20.963924407958984	31.015533447265625	-123.25153350830078	25.38636016845703	-135.7177734375	4.394567489624023	13.707746505737305
-46.36513900756836	-5.809465408325195	5.051135540008545	-17.001266479492188	-47.344913482666016	-25.527830123901367	-2.8194339275360107	-47.757144927978516	-15.074835777282715	-4.1150007247924805
-39.02069091796875	-8.292256355285645	3.085134983062744	-15.676933288574219	-40.18202590942383	-28.348512649536133	-1.3669613599777222	-48.142433166503906	-11.889653205871582	-2.73351788520813
-49.106929779052734	-9.11156177520752	-10.642995834350586	-11.919546127319336	-56.217159271240234	-25.251832962036133	-13.320515632629395	-44.506752014160156	-9.112662315368652	2.1748361587524414
-113.42411041259766	7.776919364929199	-26.914306640625	25.669862747192383	-122.06156158447266	27.346059799194336	-51.00547790527344	33.67746353149414	-34.746829986572266	-4.28748893737793
-61.04806900024414	0.728971004486084	-5.285519123077393	-11.75309944152832	-69.200927734375	-10.2063627243042	-17.35610008239746	-31.39299964904785	-15.550529479980469	-2.785146474838257
-163.07786560058594	6.846536636352539	-47.49201202392578	60.39501953125	-172.989013671875	40.41764831542969	-80.54117584228516	52.84392166137695	-52.53257369995117	-5.70151424407959
-115.05552673339844	8.435741424560547	-24.812633514404297	16.856006622314453	-98.86083984375	42.09890365600586	-55.86776351928711	34.52942657470703	-53.834815979003906	-3.1998205184936523
-9.914545059204102	-6.64332914352417	-4.544402599334717	-14.20283031463623	-19.251842498779297	-76.87727355957031	1.3826918601989746	-30.288894653320312	7.461080074310303	-2.708988904953003
10.103914260864258	-38.469383239746094	-13.477795600891113	-5.968040943145752	21.402673721313477	-120.0135269165039	17.33885955810547	-62.7565803527832	-5.033904075622559	0.7192043662071228
-79.23553466796875	2.7706456184387207	-4.528653144836426	-2.608816385269165	-57.459293365478516	-48.44569396972656	-22.425045013427734	-14.176026344299316	-33.49861145019531	4.046109676361084
-121.00786590576172	2.523427724838257	-11.595669746398926	12.149230003356934	-85.90706634521484	-17.251663208007812	-42.56682586669922	4.027760982513428	-62.7213020324707	-0.8501049876213074
-51.12069320678711	-5.478199481964111	6.442891597747803	-3.5165717601776123	-31.51532745361328	-78.97193145751953	-5.161725997924805	-31.83911895751953	-28.15104103088379	-4.648241996765137
-120.74674224853516	8.7168550491333	-26.065731048583984	17.867481231689453	-103.19239044189453	44.58858871459961	-58.861507415771484	36.268306732177734	-57.02519226074219	-3.3958489894866943
-104.74340057373047	7.59329080581665	-17.80415916442871	11.893095970153809	-88.3485336303711	15.579767227172852	-46.54645538330078	22.126266479492188	-48.84016036987305	-3.7016866207122803
-115.82744598388672	8.443766593933105	-25.101869583129883	17.212446212768555	-99.6563491821289	42.88374710083008	-56.43210983276367	35.10615158081055	-54.49029541015625	-3.6821959018707275
-82.29108428955078	7.955363750457764	-8.610754013061523	-0.39932355284690857	-69.38211059570312	-25.902719497680664	-30.632869720458984	0.3521021008491516	-33.69134521484375	-0.47374898195266724
-68.8497314453125	-3.8842461109161377	-5.375638008117676	-1.6597436666488647	-44.79536056518555	-52.46866226196289	-15.83132553100586	-19.09406852722168	-27.711729049682617	7.06810188293457
-114.72872924804688	0.914996862411499	-7.648996353149414	11.580855369567871	-79.51500701904297	-25.7109432220459	-37.848968505859375	-1.076695203781128	-61.29518127441406	-2.5139427185058594
-15.58973503112793	-13.812555313110352	-3.7464396953582764	-10.640579223632812	-10.582195281982422	-90.39164733886719	6.306450843811035	-39.69655227661133	-2.3702640533447266	-1.4823758602142334
-82.8379898071289	7.066641330718994	-7.659677982330322	-0.514808714389801	-67.5641860961914	-31.00428581237793	-29.321819305419922	-2.65024733543396	-35.09890365600586	-0.5078006982803345
-12.457662582397461	-5.880063533782959	-3.916022539138794	-13.85633373260498	-20.771160125732422	-75.4046859741211	1.0839767456054688	-29.446807861328125	6.6657185554504395	-2.655475378036499
-123.87517547607422	1.5883268117904663	-11.560065269470215	14.821199417114258	-87.7234115600586	-12.786808013916016	-44.11680603027344	6.1715850830078125	-66.01387786865234	-2.941436529159546
-78.0410385131836	6.645526885986328	-5.947712421417236	-1.0746723413467407	-64.69891357421875	-34.8943977355957	-27.06216812133789	-4.496951580047607	-33.0531005859375	-2.0569024085998535
5.463689804077148	-29.197664260864258	-10.91610336303711	-8.656427383422852	16.0203857421875	-107.35408782958984	13.172046661376953	-53.79023361206055	-2.4602999687194824	0.2089671492576599
-106.89250183105469	-2.7327396869659424	-2.099879026412964	10.276568412780762	-67.7298355102539	-41.66286849975586	-29.617586135864258	-11.920682907104492	-59.906166076660156	-0.3705609440803528
-79.56990051269531	7.336683750152588	-7.693382740020752	-1.6540368795394897	-65.74810791015625	-31.563657760620117	-28.15387725830078	-3.1138274669647217	-32.063751220703125	0.7795481085777283
-103.50984954833984	7.431685924530029	-16.9039363861084	11.3402681350708	-87.5428466796875	11.241311073303223	-45.472251892089844	20.364887237548828	-48.54920196533203	-4.481229305267334
-100.0053482055664	7.296525478363037	-16.676288604736328	10.544289588928223	-85.23162078857422	9.135366439819336	-43.97706985473633	19.19754981994629	-46.50385284423828	-4.465747833251953
-10.600443840026855	-7.846790790557861	-4.452576637268066	-14.117768287658691	-17.58441162109375	-80.9298095703125	2.3488831520080566	-32.64883041381836	6.034151554107666	-2.6556129455566406
-14.617905616760254	-6.085394382476807	-4.996674537658691	-13.1762056350708	-21.376026153564453	-72.69804382324219	0.42007938027381897	-28.29570770263672	6.055882930755615	-1.4317936897277832
-9.025278091430664	-7.438611030578613	-4.259707927703857	-14.616263389587402	-17.75473403930664	-81.1773681640625	2.2718639373779297	-32.52468490600586	6.969512462615967	-3.156449556350708
-122.59723663330078	2.3598318099975586	-12.750067710876465	13.596972465515137	-87.93889617919922	-12.966923713684082	-44.31268310546875	6.5674848556518555	-63.90473556518555	-2.123950958251953
-120.52799224853516	8.730855941772461	-25.47136878967285	17.155597686767578	-102.09877014160156	43.003021240234375	-57.672508239746094	34.99052047729492	-56.033321380615234	-2.027116298675537
-113.01276397705078	8.66994571685791	-24.36043357849121	15.720376014709473	-97.40714263916016	40.33633804321289	-54.5899543762207	33.31760787963867	-51.48759078979492	-1.9726985692977905
-116.85782623291016	8.117128372192383	-25.186336517333984	17.3203182220459	-98.70299530029297	42.709869384765625	-56.3675651550293	34.455501556396484	-55.27233123779297	-2.8285911083221436
-114.82205963134766	-0.7785788178443909	-5.194204807281494	10.423118591308594	-75.1791763305664	-36.131465911865234	-34.34023666381836	-7.943804740905762	-62.012386322021484	0.61872798204422
8.072495460510254	-31.6844539642334	-11.415120124816895	-8.244024276733398	18.08987808227539	-111.96708679199219	14.41452693939209	-56.64521408081055	-2.9479575157165527	-0.28124457597732544
9.18763256072998	-37.368988037109375	-12.321335792541504	-6.135410308837891	20.727298736572266	-119.48838806152344	17.275619506835938	-62.20077896118164	-5.479005336761475	0.08610802888870239
-75.62335968017578	2.1522204875946045	-4.304969787597656	-2.904156446456909	-55.370643615722656	-49.473506927490234	-21.301197052001953	-14.732471466064453	-31.647756576538086	3.4367787837982178
-17.502578735351562	-11.943758964538574	-0.7146173715591431	-11.783068656921387	-12.487481117248535	-95.14999389648438	6.883527755737305	-41.1837158203125	-3.9053008556365967	-3.375653028488159
6.056153297424316	-28.006118774414062	-9.654219627380371	-8.819552421569824	15.251425743103027	-106.5692138671875	12.915509223937988	-52.895694732666016	-2.300601005554199	-1.2932106256484985
-54.73540496826172	-3.4896483421325684	5.868957042694092	-4.5891265869140625	-34.97278594970703	-76.72779846191406	-7.035500526428223	-30.063373565673828	-28.31456184387207	-3.0160672664642334
-119.89860534667969	8.431953430175781	-26.002134323120117	17.880212783813477	-102.07184600830078	43.99374771118164	-58.12752151489258	35.787567138671875	-56.77009582519531	-3.3755288124084473
-122.55834197998047	8.325460433959961	-26.646350860595703	18.025257110595703	-102.60198974609375	44.75041580200195	-59.03716278076172	35.71036148071289	-58.01387405395508	-2.268659830093384
-13.962227821350098	-14.719274520874023	-1.689837098121643	-11.02224349975586	-6.767634868621826	-97.3093032836914	8.522470474243164	-43.651248931884766	-4.619910717010498	-2.9950568675994873
-18.71213150024414	-10.09578800201416	-3.2004082202911377	-11.040852546691895	-15.619869232177734	-82.39057159423828	3.9075710773468018	-34.82322692871094	-1.3838469982147217	-1.1751368045806885
7.225742340087891	-34.50679016113281	-13.083298683166504	-6.377559185028076	18.793594360351562	-110.66357421875	14.928550720214844	-57.1634521484375	-3.7148003578186035	1.3068947792053223
-14.360466003417969	-4.610901355743408	-3.6288890838623047	-13.88156795501709	-22.957656860351562	-73.18812561035156	0.4181061089038849	-28.00905990600586	6.536243915557861	-2.43094801902771
5.845761299133301	-27.983461380004883	-10.68493366241455	-9.549906730651855	14.683603286743164	-107.82931518554688	12.624006271362305	-53.460567474365234	-1.6054081916809082	-0.3510274291038513
-13.784873962402344	-13.573583602905273	-3.332918882369995	-11.875052452087402	-10.040289878845215	-94.60198974609375	6.814788341522217	-41.3946418762207	-1.684569239616394	-2.2643418312072754
-121.73146057128906	8.42695140838623	-26.273786544799805	18.182798385620117	-103.04039001464844	44.63720703125	-58.915977478027344	36.0794563293457	-57.81640625	-3.201066732406616
-88.84088897705078	4.0381035804748535	-6.632513523101807	-0.5077996850013733	-64.17888641357422	-39.87606430053711	-27.224971771240234	-9.340744972229004	-38.32981872558594	5.179269313812256
-50.039398193359375	-6.357868671417236	6.058560848236084	-4.135529041290283	-30.4876766204834	-82.09553527832031	-4.1871442794799805	-33.519412994384766	-26.74703598022461	-4.3979668617248535
-113.27493286132812	1.8953044414520264	-8.291812896728516	10.49321460723877	-80.0595474243164	-25.237648010253906	-38.214447021484375	0.013631634414196014	-59.13656997680664	-2.1516878604888916
-74.6969985961914	-2.5238027572631836	-6.274073123931885	-1.518720269203186	-49.01417541503906	-50.69990921020508	-18.304529190063477	-17.943584442138672	-30.326976776123047	8.360963821411133
-57.12124252319336	-6.732635974884033	5.6464948654174805	-2.33689284324646	-32.70973205566406	-79.80892944335938	-5.908364295959473	-33.217647552490234	-32.18500900268555	-2.49050235748291
-108.25061798095703	7.7591729164123535	-19.04929542541504	12.411459922790527	-91.45214080810547	16.867578506469727	-48.35658264160156	23.207950592041016	-50.572147369384766	-3.7800943851470947
-74.37830352783203	-2.507805585861206	-7.326766490936279	-1.2548009157180786	-49.672882080078125	-47.39606857299805	-19.145111083984375	-16.102205276489258	-29.17143440246582	8.6218900680542
-12.71690559387207	-15.419734954833984	-1.8108501434326172	-11.4764986038208	-6.31550407409668	-100.85629272460938	9.000118255615234	-45.12653350830078	-4.152096271514893	-3.3967583179473877
-122.50080108642578	1.3476958274841309	-10.085770606994629	13.017822265625	-85.40753936767578	-21.22710609436035	-41.76399612426758	1.885925531387329	-65.31804656982422	-1.9054256677627563
9.20772933959961	-98.15174102783203	-35.25440979003906	17.955305099487305	44.84437561035156	-176.31837463378906	40.209449768066406	-110.04167175292969	-27.98790168762207	17.46352767944336
-79.15188598632812	1.9097511768341064	-7.80810546875	-1.7561132907867432	-58.07343673706055	-42.34690475463867	-23.750171661376953	-11.340664863586426	-31.33464241027832	6.235071182250977
-49.466739654541016	-5.751072406768799	6.198291301727295	-4.045731067657471	-30.233055114746094	-79.74716186523438	-4.348875999450684	-32.5034065246582	-27.014265060424805	-4.319358825683594
-21.709575653076172	-7.423939228057861	-1.7064841985702515	-11.764361381530762	-20.45158576965332	-82.06671905517578	2.5503458976745605	-33.34599304199219	-1.795083999633789	-2.11421799659729
-118.18768310546875	1.573261022567749	-7.362146377563477	10.838290214538574	-81.63153839111328	-27.928701400756836	-38.62378692626953	-1.825108289718628	-62.47991180419922	-1.3300766944885254
-81.93204498291016	7.652312278747559	-9.051697731018066	0.4484769403934479	-69.99414825439453	-24.52081298828125	-31.091182708740234	1.4519321918487549	-34.08406066894531	-1.7161827087402344
-13.111263275146484	-7.320150375366211	-5.207662105560303	-13.228170394897461	-19.148778915405273	-75.56744384765625	1.2038105726242065	-30.030353546142578	5.849649906158447	-1.540034294128418
-47.79203414916992	-4.141005992889404	5.262407302856445	-5.023747444152832	-31.33824348449707	-76.02642059326172	-4.9994964599609375	-30.06064796447754	-24.390817642211914	-3.574007272720337
-109.98116302490234	7.689265727996826	-19.292709350585938	12.944319725036621	-92.68475341796875	17.772808074951172	-49.16590881347656	23.825420379638672	-51.72826385498047	-3.9870541095733643
-115.0251235961914	0.8595506548881531	-8.100043296813965	12.558823585510254	-81.05288696289062	-22.998628616333008	-38.95545959472656	0.7983306050300598	-61.91706466674805	-4.19869327545166
-117.64923858642578	2.3149290084838867	-11.052517890930176	12.63260269165039	-84.27530670166016	-15.508996963500977	-41.94220733642578	4.842390060424805	-61.659950256347656	-2.596334934234619
10.711807250976562	-39.787750244140625	-14.928269386291504	-5.3043904304504395	21.936420440673828	-118.58807373046875	17.246644973754883	-62.59318161010742	-4.7867937088012695	1.7372403144836426
-103.65882873535156	7.926303386688232	-17.2595157623291	10.264321327209473	-88.34648895263672	9.322104454040527	-45.40994644165039	19.662700653076172	-47.453651428222656	-3.6607024669647217
-82.41162872314453	3.6056430339813232	-6.786539077758789	-1.8284116983413696	-61.69215393066406	-43.19784164428711	-25.394001007080078	-10.68228816986084	-34.33668518066406	3.8114442825317383
15.957014083862305	-155.6463623046875	-58.98384094238281	35.6498908996582	70.38289642333984	-249.34445190429688	61.47517395019531	-162.5923309326172	-45.98052978515625	30.53729820251465
-86.5922622680664	8.057744979858398	-9.308268547058105	0.5430848002433777	-72.30888366699219	-24.427871704101562	-32.398719787597656	1.4383876323699951	-36.4444580078125	-0.8651025891304016
-73.52070617675781	-4.05279016494751	-5.692702293395996	-1.648868441581726	-46.5	-54.67673110961914	-16.638813018798828	-20.687427520751953	-30.55039405822754	8.616866111755371
-13.635915756225586	-12.950069427490234	-0.41069087386131287	-11.403555870056152	-9.458747863769531	-96.24653625488281	7.8431315422058105	-42.0452880859375	-3.800050735473633	-4.618081092834473
-111.05992126464844	7.95621919631958	-21.96199607849121	14.225943565368652	-93.4805679321289	29.707881927490234	-51.30850601196289	28.083791732788086	-51.084083557128906	-1.940951943397522
14.927898406982422	-21.665912628173828	-9.86170768737793	-14.302027702331543	6.5214524269104	-106.07566833496094	8.761395454406738	-48.55720520019531	6.225953578948975	-4.888913154602051
-57.44849395751953	-2.094285011291504	5.131805896759033	-2.9941344261169434	-39.001319885253906	-68.947509765625	-9.859862327575684	-25.6705265045166	-29.58647918701172	-3.9042701721191406
-101.6343002319336	7.4085917472839355	-16.790403366088867	10.80300235748291	-86.1246109008789	10.24571418762207	-44.56541442871094	19.635757446289062	-47.29911804199219	-4.1877241134643555
-123.82190704345703	-0.4756584167480469	-9.256551742553711	14.820616722106934	-83.21944427490234	-20.283334732055664	-40.9656867980957	0.703635036945343	-67.55287170410156	-0.8453587889671326
15.090450286865234	-20.728422164916992	-9.19391918182373	-15.091059684753418	5.276636600494385	-107.47810363769531	8.659523010253906	-48.743011474609375	6.703304767608643	-5.480983734130859
16.702348709106445	-23.963533401489258	-10.300261497497559	-13.521109580993652	9.739745140075684	-108.73577880859375	9.954891204833984	-50.67753219604492	5.1695075035095215	-5.067373752593994
15.341635704040527	-22.122907638549805	-10.112719535827637	-14.090476036071777	7.164279460906982	-106.03059387207031	8.895101547241211	-48.73537826538086	6.115011215209961	-4.797436714172363
-72.7851791381836	-2.9743800163269043	-6.266483783721924	-1.9045277833938599	-47.70905685424805	-51.78740692138672	-17.46681022644043	-18.55370330810547	-29.231054306030273	8.337542533874512
-116.68975067138672	1.0499855279922485	-7.2353196144104	11.226791381835938	-80.892333984375	-28.93724250793457	-38.19572067260742	-1.9931812286376953	-62.116615295410156	-2.625420093536377
-81.1166000366211	1.7031311988830566	-8.888669967651367	-1.3569387197494507	-58.6943359375	-40.54795455932617	-24.491090774536133	-11.008564949035645	-32.175331115722656	7.274463653564453
12.431039810180664	-20.14510154724121	-9.728964805603027	-14.265292167663574	3.9399282932281494	-102.42808532714844	7.829020023345947	-46.41630935668945	6.4741597175598145	-4.30142879486084
-79.10604095458984	1.146457314491272	-10.205076217651367	-0.5084226727485657	-57.32789611816406	-35.83787536621094	-24.46523094177246	-9.020785331726074	-30.270334243774414	8.211174964904785
13.732337951660156	-19.550168991088867	-8.792094230651855	-15.258837699890137	3.4399852752685547	-105.51707458496094	8.089176177978516	-47.39939880371094	7.045393943786621	-5.421003818511963
-25.570743560791016	-6.079991817474365	2.99765682220459	-12.042337417602539	-22.457721710205078	-90.69979858398438	2.612196207046509	-36.56144332885742	-7.4800872802734375	-5.503342628479004
-12.231611251831055	-14.836502075195312	-1.7757937908172607	-11.688165664672852	-7.663426399230957	-100.51689147949219	8.477079391479492	-44.53791427612305	-3.2259292602539062	-4.068328380584717
-75.26918029785156	-2.6751625537872314	-7.4353814125061035	-0.44020208716392517	-49.58600616455078	-45.38088607788086	-19.541500091552734	-15.609758377075195	-30.59485626220703	8.905467987060547
-104.55522918701172	8.14192008972168	-18.308448791503906	11.43994426727295	-90.07231140136719	16.06123161315918	-47.200225830078125	22.881559371948242	-48.02621841430664	-3.7959492206573486
-54.7520866394043	-3.374438762664795	6.263081073760986	-3.273777961730957	-36.33049774169922	-74.51850128173828	-7.958827018737793	-28.63934326171875	-28.95664405822754	-5.014517784118652
-98.79242706298828	7.428184509277344	-16.080154418945312	9.943926811218262	-83.8421630859375	8.763250350952148	-43.21021270751953	18.54737663269043	-45.41739273071289	-3.627446413040161
-45.96590042114258	-7.92273473739624	4.249063014984131	-4.762826442718506	-26.391498565673828	-81.65316772460938	-2.179981231689453	-34.41962814331055	-23.931184768676758	-2.4315743446350098
-82.25776672363281	7.762467861175537	-9.040946006774902	0.7801181674003601	-69.9363784790039	-22.507539749145508	-31.314435958862305	2.163551092147827	-34.50885009765625	-1.6872329711914062
17.907440185546875	-25.790422439575195	-11.209479331970215	-13.487553596496582	11.64992618560791	-112.71670532226562	10.614879608154297	-53.03379821777344	4.8693718910217285	-4.958203315734863
-12.597845077514648	-15.895975112915039	-2.5248687267303467	-11.115100860595703	-6.240790843963623	-99.908447265625	8.727880477905273	-44.95934295654297	-3.9134230613708496	-3.1229403018951416
9.261859893798828	-82.33171081542969	-29.68062973022461	12.450701713562012	38.32136917114258	-156.69711303710938	34.03860092163086	-95.50025939941406	-21.501262664794922	13.895390510559082
-13.7882661819458	-14.628656387329102	-4.177465915679932	-11.013036727905273	-8.989867210388184	-93.39991760253906	6.8818359375	-41.35280227661133	-2.1079702377319336	-1.5727816820144653
-15.291557312011719	-5.933055877685547	-3.892420530319214	-13.424317359924316	-21.393909454345703	-75.47777557373047	1.024449348449707	-29.590423583984375	5.181248664855957	-2.0750656127929688
5.339695930480957	-29.225662231445312	-9.14037799835205	-8.348668098449707	16.1422176361084	-109.75698852539062	14.063941955566406	-54.95534133911133	-3.884706735610962	-1.301465392112732
11.263636589050293	-43.40760040283203	-14.640753746032715	-4.180932521820068	23.66733169555664	-126.18024444580078	19.619626998901367	-67.28884887695312	-7.01003885269165	1.240004301071167
20.22041893005371	-29.557653427124023	-11.150811195373535	-12.675463676452637	16.465288162231445	-120.42201232910156	13.13162612915039	-58.077491760253906	2.760767936706543	-5.612303733825684
14.587599754333496	-21.81234359741211	-9.588946342468262	-14.317763328552246	6.828049182891846	-107.62725830078125	9.10938835144043	-49.36980438232422	5.691187381744385	-5.014286041259766
14.01738452911377	-20.226011276245117	-8.853543281555176	-15.233246803283691	4.338125705718994	-107.59292602539062	8.548980712890625	-48.59232711791992	6.607890605926514	-5.503108978271484
7.925828456878662	-30.804777145385742	-11.45014762878418	-8.307158470153809	17.66303253173828	-109.29953002929688	13.834487915039062	-55.217830657958984	-2.4257755279541016	-0.16542649269104004
-10.051012992858887	-7.28693962097168	-5.754960060119629	-13.684338569641113	-18.64579963684082	-74.80104064941406	0.9279646873474121	-29.668800354003906	7.571751594543457	-1.8051021099090576
-13.122295379638672	-5.399967670440674	-3.0555388927459717	-14.072710990905762	-21.230525970458984	-76.52882385253906	1.3723430633544922	-29.8024959564209	6.081540584564209	-3.07977294921875
12.998368263244629	-19.69997215270996	-9.328631401062012	-14.642520904541016	3.558643102645874	-102.93708038330078	7.80422306060791	-46.42009353637695	6.816625118255615	-4.7395339012146
-35.00836944580078	-13.03405475616455	2.4999263286590576	-5.092651844024658	-16.50321388244629	-89.05984497070312	3.550501585006714	-39.80837631225586	-19.123872756958008	-2.7177934646606445
-127.0340805053711	2.664362668991089	-11.613722801208496	13.882969856262207	-89.83141326904297	-13.44758129119873	-45.138031005859375	6.461929798126221	-66.41761779785156	-1.598301887512207
-77.25047302246094	6.440377235412598	-5.092007637023926	-2.3347744941711426	-62.964168548583984	-40.3830680847168	-25.583633422851562	-7.468375205993652	-32.413665771484375	-1.1002686023712158
-15.666635513305664	-12.834166526794434	-1.2216360569000244	-11.921943664550781	-11.021149635314941	-97.33647155761719	7.432958126068115	-42.56727981567383	-3.746880531311035	-3.4578359127044678
-106.8360595703125	8.003899574279785	-19.198637008666992	12.17758846282959	-91.11148834228516	18.865150451660156	-48.29366683959961	23.839094161987305	-49.206302642822266	-3.3034536838531494
-115.71279907226562	8.725878715515137	-25.022153854370117	16.72393226623535	-99.66942596435547	42.6340446472168	-56.37300109863281	34.82502746582031	-53.687835693359375	-2.886221170425415
-109.01322174072266	7.796158313751221	-19.36194610595703	13.120504379272461	-91.92566680908203	20.881765365600586	-49.074951171875	24.79684066772461	-50.88282012939453	-3.4272568225860596
-14.857266426086426	-13.141386032104492	-0.4360370934009552	-12.240340232849121	-10.43367862701416	-100.59213256835938	8.067285537719727	-43.950130462646484	-3.9293556213378906	-4.451114177703857
-18.72665786743164	-5.604991436004639	-5.119564533233643	-12.502434730529785	-22.843360900878906	-70.51630401611328	-0.2330978810787201	-27.368417739868164	4.34083890914917	-0.41566523909568787
-74.51990509033203	-8.323003768920898	-4.974258899688721	1.129991888999939	-41.31648254394531	-57.52665328979492	-13.751300811767578	-24.24268913269043	-33.97404479980469	9.44329833984375
-19.80722427368164	-9.204034805297852	-1.5293912887573242	-11.970525741577148	-17.4134521484375	-87.39418029785156	4.286336421966553	-36.47548294067383	-2.1301703453063965	-2.522299289703369
-126.72305297851562	3.646406888961792	-17.132095336914062	16.165212631225586	-93.6589126586914	4.0001068115234375	-49.623268127441406	15.471848487854004	-65.08079528808594	-2.306058883666992
-118.5069808959961	8.584124565124512	-25.363534927368164	17.295686721801758	-100.98493194580078	43.26273727416992	-57.4510498046875	35.18831253051758	-55.54999923706055	-2.7947921752929688
-76.7480239868164	6.269287586212158	-6.2855424880981445	-1.336142897605896	-62.56039810180664	-34.86674118041992	-26.29810333251953	-5.262354373931885	-32.266822814941406	-0.7524275183677673
-11.386577606201172	-16.01641273498535	-4.181745529174805	-10.68439769744873	-5.626471519470215	-94.30718994140625	7.817669868469238	-42.48903274536133	-2.379194974899292	-1.9056305885314941
-11.80302619934082	-7.6016011238098145	-5.72195291519165	-13.643421173095703	-18.58289337158203	-76.5533676147461	1.2307486534118652	-30.618534088134766	6.522932052612305	-1.362598180770874
-47.04360580444336	-8.090084075927734	6.520498752593994	-4.296844005584717	-26.428247451782227	-87.10322570800781	-1.9895687103271484	-36.79996871948242	-27.5013427734375	-4.946282386779785
-103.60881805419922	6.979658126831055	-15.642848014831543	9.669669151306152	-84.35787200927734	3.4363982677459717	-43.1407356262207	15.509312629699707	-48.17570495605469	-2.3221638202667236
17.3271427154541	-23.462085723876953	-10.085708618164062	-14.477409362792969	8.916299819946289	-111.41323852539062	9.8818359375	-51.50754928588867	5.840873718261719	-5.550715446472168
-99.89362335205078	7.431270122528076	-14.536229133605957	9.215588569641113	-84.50194549560547	2.59751033782959	-42.52379608154297	16.2005615234375	-46.08025360107422	-4.201885223388672
-20.938549041748047	-11.015549659729004	-2.310375452041626	-10.971647262573242	-15.496609687805176	-87.80348205566406	4.842384338378906	-37.580142974853516	-3.5531954765319824	-1.3804006576538086
-75.00872039794922	5.693235874176025	-6.86005973815918	-2.3719894886016846	-60.543663024902344	-36.9575309753418	-25.099925994873047	-6.857271671295166	-30.076698303222656	1.3974645137786865
-19.025955200195312	-4.292609691619873	-3.7823126316070557	-13.176513671875	-24.771480560302734	-71.89112854003906	-0.2531423270702362	-27.319259643554688	4.4993109703063965	-1.4608986377716064
-17.55644989013672	-12.11599349975586	-1.6710058450698853	-11.58630657196045	-12.785457611083984	-93.88336944580078	6.521216869354248	-40.710235595703125	-3.585214138031006	-2.663090944290161
-110.4533462524414	7.327813625335693	-19.425935745239258	13.453500747680664	-91.47313690185547	19.310239791870117	-49.094146728515625	23.796485900878906	-52.25291442871094	-3.317445755004883
-125.67205810546875	2.43581485748291	-12.221742630004883	13.3038911819458	-89.7959213256836	-16.181156158447266	-44.782447814941406	5.0972490310668945	-65.42384338378906	-1.8956319093704224
-119.22307586669922	3.3697125911712646	-11.446526527404785	11.799503326416016	-85.8210678100586	-14.220776557922363	-42.75862121582031	5.754088401794434	-60.9644775390625	-1.2002451419830322
-16.434837341308594	-6.448424816131592	-5.090474605560303	-13.616106033325195	-21.53249168395996	-76.42566680908203	0.733709990978241	-30.063945770263672	5.054843902587891	-0.9183135628700256
10.787334442138672	-39.70814514160156	-14.5494384765625	-5.111606597900391	21.825881958007812	-118.44895935058594	17.30484390258789	-62.42451095581055	-4.886298656463623	1.2638007402420044
-45.293880462646484	-6.6739397048950195	4.897871494293213	-4.151855945587158	-27.829761505126953	-77.93911743164062	-3.2371296882629395	-32.04690933227539	-23.91550636291504	-3.785705327987671
-104.6972885131836	7.494876384735107	-15.907361030578613	9.909943580627441	-87.37438201904297	3.719271421432495	-44.35437774658203	16.976543426513672	-48.738563537597656	-3.771165370941162
-11.657500267028809	-6.9035115242004395	-4.105046272277832	-13.949023246765137	-18.99992561340332	-78.26789093017578	1.8031903505325317	-31.150592803955078	6.132452487945557	-2.649470806121826
-103.8790283203125	7.502159595489502	-17.161056518554688	11.423077583312988	-88.0129623413086	11.89798355102539	-45.738624572753906	20.743608474731445	-48.67107391357422	-4.392735958099365
8.965977668762207	-32.995826721191406	-11.00183391571045	-7.388420104980469	18.695724487304688	-113.18601989746094	15.232486724853516	-57.6893310546875	-3.714609146118164	-1.0399901866912842
-47.69902801513672	-9.081075668334961	4.7592620849609375	-4.165886402130127	-25.920297622680664	-85.01067352294922	-1.731795310974121	-36.3805046081543	-26.17835807800293	-2.6517231464385986
9.041805267333984	-30.482439041137695	-11.59799861907959	-8.62393569946289	17.771438598632812	-109.29818725585938	13.558513641357422	-54.956031799316406	-1.7644555568695068	-0.570306658744812
13.963404655456543	-19.821496963500977	-9.156336784362793	-14.960057258605957	3.8343698978424072	-104.40515899658203	7.996748924255371	-47.03108596801758	7.065954685211182	-5.183443069458008
-18.1024169921875	-4.383664608001709	-3.765138864517212	-13.34389591217041	-24.580339431762695	-72.08589172363281	-0.11906948685646057	-27.486141204833984	5.115566730499268	-1.716815710067749
-74.06603240966797	5.580251216888428	-4.976964950561523	-2.748605728149414	-59.195472717285156	-41.60200881958008	-23.567489624023438	-9.139426231384277	-30.535512924194336	0.22898656129837036
-54.46255874633789	-4.273873329162598	6.458532810211182	-2.4264256954193115	-35.21857452392578	-74.38204956054688	-7.606236457824707	-29.021961212158203	-29.486379623413086	-5.26984167098999
8.58781909942627	-32.03841018676758	-10.950133323669434	-8.103875160217285	18.34539031982422	-113.08149719238281	14.842850685119629	-57.263187408447266	-3.2416868209838867	-0.8487458825111389
3.2646870613098145	-29.21007537841797	-11.06492805480957	-8.229393005371094	14.921950340270996	-106.61439514160156	13.030389785766602	-53.588111877441406	-3.046125888824463	0.8842412829399109
-73.14557647705078	-4.017064571380615	-5.382876873016357	-1.2161067724227905	-46.248870849609375	-53.8682861328125	-16.607452392578125	-20.201351165771484	-30.978551864624023	8.115735054016113
18.87963104248047	-25.8815975189209	-10.87874698638916	-13.770323753356934	11.834065437316895	-114.26545715332031	10.89908218383789	-53.6879997253418	4.997551441192627	-5.521176338195801
-73.21731567382812	5.074865818023682	-7.430983066558838	-2.2454514503479004	-59.03362274169922	-36.229217529296875	-24.36888313293457	-6.7893524169921875	-28.373693466186523	2.193115711212158
-21.518089294433594	-10.032125473022461	-1.4831563234329224	-10.290215492248535	-15.505805015563965	-82.86563110351562	4.313414096832275	-35.3839225769043	-4.407909870147705	-1.5633654594421387
-77.4892807006836	-0.6288579106330872	-6.759484767913818	-0.7943459153175354	-52.861122131347656	-44.4708137512207	-21.136322021484375	-14.032962799072266	-31.657495498657227	8.052464485168457
5.68914794921875	-33.695892333984375	-11.67197322845459	-6.750103950500488	18.356355667114258	-112.85923767089844	15.446989059448242	-58.07855224609375	-4.981443881988525	0.842885434627533
-114.35314178466797	7.911194324493408	-23.039737701416016	15.988469123840332	-95.7104721069336	36.272701263427734	-53.612247467041016	31.114227294921875	-53.407657623291016	-2.0638253688812256
-115.1113510131836	2.362619638442993	-11.743205070495605	12.701265335083008	-83.52692413330078	-12.902827262878418	-41.882179260253906	6.286635875701904	-59.62293243408203	-2.820726156234741
-15.954889297485352	-6.1816253662109375	-5.494672775268555	-12.842386245727539	-22.00208282470703	-71.45912170410156	-0.005187598988413811	-27.72713851928711	5.776205539703369	-0.9143487811088562
-116.04305267333984	2.1014480590820312	-10.251089096069336	11.662455558776855	-82.87090301513672	-20.161149978637695	-40.48576354980469	2.690585136413574	-60.57005310058594	-2.6172308921813965
14.284894943237305	-20.92976951599121	-9.667954444885254	-14.483757972717285	5.292629718780518	-105.1624755859375	8.408026695251465	-47.8223991394043	6.510092258453369	-4.898066997528076
9.799972534179688	-49.3445930480957	-18.19037437438965	-1.037063717842102	25.48043441772461	-126.23809051513672	21.09189224243164	-69.60385131835938	-8.695977210998535	4.802203178405762
-74.93352508544922	6.57538366317749	-5.847358226776123	-2.0849721431732178	-62.22710418701172	-36.67322540283203	-25.6158447265625	-5.65750789642334	-30.93182945251465	-1.267092227935791
-102.9725112915039	7.6552815437316895	-18.516042709350586	11.944575309753418	-88.0015640258789	17.57880973815918	-46.549278259277344	23.03525733947754	-47.67665481567383	-3.8839802742004395
-52.74776077270508	-5.420844554901123	6.911009311676025	-2.7485971450805664	-33.014564514160156	-79.33915710449219	-5.957706451416016	-31.90308380126953	-29.9633846282959	-5.495791435241699
-78.08739471435547	2.400770902633667	-7.1968488693237305	-1.402833342552185	-57.371490478515625	-40.46760559082031	-23.57111358642578	-10.354653358459473	-31.339494705200195	5.50522518157959
10.934188842773438	-18.916210174560547	-9.427947044372559	-14.345757484436035	1.905397653579712	-99.74295043945312	7.109313488006592	-44.75742721557617	6.92248010635376	-4.140735626220703
-12.943378448486328	-7.168049335479736	-4.772316932678223	-13.578131675720215	-19.29021453857422	-77.24943542480469	1.4602632522583008	-30.804920196533203	5.819154262542725	-1.9019770622253418
6.645925521850586	-35.82731246948242	-12.901715278625488	-5.821254253387451	19.27142906188965	-113.48597717285156	15.867738723754883	-58.9811897277832	-4.958387851715088	1.33406662940979
-16.318326950073242	-11.62196159362793	-2.889197587966919	-10.96300220489502	-12.541869163513184	-86.23255920410156	5.424786567687988	-37.07442092895508	-1.7599269151687622	-1.8767049312591553
-78.29198455810547	-1.6837846040725708	-7.961247444152832	-0.7252700924873352	-52.588104248046875	-45.499305725097656	-21.010498046875	-15.050312995910645	-31.28539276123047	9.158583641052246
-106.2771987915039	7.77791166305542	-18.203523635864258	11.857251167297363	-89.67119598388672	15.833711624145508	-47.237552642822266	22.324756622314453	-49.352359771728516	-3.383239269256592
-44.90309524536133	-4.8094563484191895	6.13035249710083	-6.030073642730713	-29.245670318603516	-80.84931945800781	-3.3311448097229004	-32.306766510009766	-22.56438446044922	-4.807435989379883
13.341448783874512	-19.889902114868164	-8.731673240661621	-14.956555366516113	4.013205051422119	-105.87556457519531	8.387062072753906	-47.78654861450195	6.436081409454346	-5.326235771179199
-18.91438865661621	-3.978609323501587	-2.9932425022125244	-13.281586647033691	-24.85611915588379	-72.28326416015625	-0.062040895223617554	-27.510108947753906	4.2704758644104	-1.9929988384246826
10.904142379760742	-17.855205535888672	-8.74860954284668	-14.855443000793457	0.6036842465400696	-99.52540588378906	6.877283573150635	-44.2086296081543	7.383955478668213	-4.618188858032227
-74.10371398925781	-2.6818714141845703	-6.322681903839111	-1.082480549812317	-48.599876403808594	-49.4810791015625	-18.323551177978516	-17.382801055908203	-30.401060104370117	8.190863609313965
-55.10728454589844	-3.6249616146087646	3.298964738845825	-3.09344220161438	-35.749942779541016	-66.96025085449219	-8.496633529663086	-25.827739715576172	-26.833261489868164	-1.0465785264968872
-56.22011184692383	-2.551440477371216	5.960707187652588	-2.2984116077423096	-37.46405792236328	-68.39817810058594	-9.383241653442383	-25.717681884765625	-29.948345184326172	-4.661488056182861
-56.01810073852539	-2.9958648681640625	6.168657302856445	-2.8978121280670166	-37.22161865234375	-72.41339874267578	-8.72916316986084	-27.558975219726562	-29.365346908569336	-4.78653621673584
-19.175500869750977	-10.82601547241211	-0.34016504883766174	-11.111002922058105	-13.796273231506348	-90.08548736572266	5.935362339019775	-38.66458511352539	-4.337360382080078	-3.267969846725464
18.969284057617188	-26.595741271972656	-11.014264106750488	-13.425189018249512	12.816497802734375	-114.89181518554688	11.271988868713379	-54.322227478027344	4.463751792907715	-5.409902095794678
-68.02893829345703	-0.2572641968727112	-3.862231492996216	-3.4932126998901367	-48.08079528808594	-54.5420036315918	-16.92105484008789	-18.3990478515625	-27.788476943969727	4.501969337463379
-72.29737091064453	-1.996610164642334	-8.6618013381958	-1.7732356786727905	-50.05644226074219	-45.12922668457031	-19.459503173828125	-14.43492603302002	-26.629045486450195	8.884940147399902
-120.70580291748047	1.4361753463745117	-10.997332572937012	13.866508483886719	-84.5864486694336	-14.846055030822754	-42.090545654296875	4.416400909423828	-64.1816635131836	-1.90714693069458
-52.44625473022461	-3.4445934295654297	5.665151119232178	-4.05253791809082	-34.26336669921875	-73.6048355102539	-6.892773151397705	-28.560144424438477	-26.833871841430664	-3.5924558639526367
13.83864974975586	-20.12076759338379	-9.404365539550781	-14.674915313720703	4.217182159423828	-103.89533233642578	8.030696868896484	-46.95556640625	6.854069709777832	-4.938723564147949
-85.29131317138672	5.886187553405762	-11.003973960876465	0.6708576083183289	-67.08789825439453	-22.685611724853516	-30.767087936401367	-0.19859760999679565	-33.965919494628906	4.542430877685547
-63.73090744018555	-2.380821466445923	4.39916467666626	-1.1560100317001343	-42.43859100341797	-66.84814453125	-12.089876174926758	-24.64301872253418	-33.667579650878906	-4.1311445236206055
-16.775644302368164	-11.322874069213867	-2.2678205966949463	-11.952635765075684	-13.601099014282227	-90.6805191040039	5.639368057250977	-38.848812103271484	-1.7606549263000488	-2.463165044784546
11.71550178527832	-17.922948837280273	-8.455681800842285	-15.128981590270996	0.8837714791297913	-101.0407485961914	7.14109468460083	-44.82499313354492	7.458207607269287	-5.070683479309082
-69.72489929199219	5.2330241203308105	-6.75515604019165	-3.295135736465454	-57.4144172668457	-38.597816467285156	-23.030921936035156	-7.794349670410156	-26.352434158325195	1.5844926834106445
-95.0372085571289	7.2960920333862305	-13.591377258300781	7.316532611846924	-80.38899993896484	-2.9769704341888428	-39.64507293701172	13.05936050415039	-43.085445404052734	-3.421677827835083
7.412276268005371	-50.685325622558594	-18.92723274230957	-0.050428710877895355	25.52943229675293	-125.99202728271484	21.51458740234375	-70.21138000488281	-9.95304012298584	6.375009059906006
-49.70977020263672	-8.182249069213867	4.855422496795654	-3.372354745864868	-28.41667938232422	-81.70453643798828	-3.249727725982666	-34.484554290771484	-27.278318405151367	-2.867399215698242
-48.597740173339844	-6.726912975311279	2.0208067893981934	-2.663696050643921	-29.23072624206543	-67.41563415527344	-5.379534721374512	-27.67184066772461	-23.570659637451172	-0.530449390411377
-77.0937728881836	-0.27601417899131775	-7.2051472663879395	-2.455181360244751	-54.05254364013672	-49.54104995727539	-20.868972778320312	-15.747541427612305	-30.037572860717773	8.049800872802734
-106.13416290283203	8.19037914276123	-18.59568977355957	11.418971061706543	-90.90255737304688	15.617255210876465	-47.54692840576172	22.67321014404297	-48.56513977050781	-3.545193910598755
-80.27655792236328	6.696606636047363	-5.996197700500488	-2.315251588821411	-64.38742065429688	-38.53323745727539	-26.728975296020508	-6.805434226989746	-33.29847717285156	0.5481368899345398
-126.09407806396484	1.9327661991119385	-12.744781494140625	15.4257173538208	-89.4563217163086	-8.48715591430664	-45.671234130859375	8.379423141479492	-66.83448791503906	-2.33436918258667
